No,Source Page Title,Source URL,Target URL,Domain Authority,Page Authority,Spam Score,Anchor Text,First Seen,Last Seen
1,"-","https://www.forbes.com/home-improvement/roofing/what-to-know-before-adding-dormer/","https://install.gutterguardsamerica.com/forbes/",94,53,1,"find a gutter installer","2023-09-30","2023-09-30"
2,"-","https://www.usatoday.com/money/homefront/local-pros/gutter-cleaning-charlotte-nc/","https://gutterguardsamerica.com/charlotte-north-carolina/",94,46,1,"gutterguardsamerica.com/charlotte","2024-08-26","2025-05-27"
3,"WEB DIRECTORY","https://kobolds.pages.dev/08/secQmjhWHM","https://gutterguardsamerica.com/",92,42,"-","getgga.com","2024-03-26","2026-05-10"
4,"Gutter Guards America, LLC | BBB Business Profile | Better Business Bureau","https://www.bbb.org/us/oh/dublin/profile/gutter-guards/gutter-guards-america-llc-0302-70109286","https://gutterguardsamerica.com/dublin-ohio/",91,50,5,"gutterguardsamerica.com/d...","2025-04-24","2026-07-03"
5,"Arrow Gutter Guards","https://lengkengarbeirambutan.web.app/gallery/arrow-gutter-guards.html","https://www.gutterguardsamerica.com/wp-content/uploads/2019/09/Arrow_Home_Image7-2.jpg",90,38,"-","gutter guards america clog free gutter protection","2021-03-24","2021-06-29"
6,"-","https://local.yahoo.com/info-224637229-gutter-guards-america-morrisville","https://www.gutterguardsamerica.com/",89,37,2,"website","2020-04-22","2023-07-21"
7,"-","https://www.yellowpages.com/westerville-oh/gutter-covers","https://www.gutterguardsamerica.com/",85,41,2,"website","2024-12-01","2025-04-12"
8,"Gutter Guards America, LLC | Greenville, SC 29615 - Angi","https://match.angi.com/rated.GutterGuardsAmerica.85118684.html","https://gutterguardsamerica.com/",83,37,2,"gutterguardsamerica com","2023-08-30","2024-12-17"
9,"Gutter Guards America. Gutter Contractor - Greenville, SC. Projects, photos, reviews and more | Porch","https://pro.porch.com/greenville-sc/gutter-specialists/gutter-guards-america-165458280/pp","https://gutterguardsamerica.com/",79,37,1,"http://gutterguardsamerica.com","2024-05-17","2026-08-17"
10,"-","https://www.owler.com/company/gutterguardsamerica","https://www.gutterguardsamerica.com/",74,36,1,"http://www.gutterguardsamerica.com","2024-04-19","2026-02-24"
11,"Best 30 Gutter Cleaning in Lawrenceville, GA | superpages.com","https://www.superpages.com/lawrenceville-ga/gutters-downspouts-cleaning","https://gutterguardsamerica.com/",73,42,3,"visit website","2025-11-23","2026-03-09"
12,"-","https://www.storeboard.com/gutterguardsamerica6","https://gutterguardsamerica.com/",70,38,3,"http://gutterguardsamerica.com","2022-03-19","2024-09-25"
13,"🏆🏆Boost your Google rankings with Premium PBN & Link Building🏆🏆","https://cvillico.com/all/1265/15.html","https://gutterguardsamerica.com/",64,22,7,"high quality dofollow backlinks da 50 pa 40 premium pbn network service gutterguardsamerica.com rank first page google fast seo link building buy backlinks online cheap","2026-08-17","2026-08-17"
14,"🏆🏆Boost your Google rankings with Premium PBN & Link Building🏆🏆","https://www.cmocheatsheets.com/all/1187/19.html","https://gutterguardsamerica.com/",62,23,6,"high quality dofollow backlinks da 50 pa 40 premium pbn network service ggaroofing.com rank first page google fast seo link building buy backlinks online cheap","2026-08-17","2026-08-17"
15,"🏆🏆Boost your Google rankings with Premium PBN & Link Building🏆🏆","https://mymarketpost.com/all/1187/19.html","https://gutterguardsamerica.com/",61,21,7,"high quality dofollow backlinks da 50 pa 40 premium pbn network service ggaroofing.com rank first page google fast seo link building buy backlinks online cheap","2026-08-15","2026-08-18"
16,"-","https://soundflare.xyz/play/club-killers-live.html","https://gutterguardsamerica.com/",60,20,61,"soundflare.xyz","2021-11-07","2021-11-07"
17,"🏆🏆Boost your Google rankings with Premium PBN & Link Building🏆🏆","https://www.plumeriamarketing.com/all/146/1.html","https://gutterguardsamerica.com/",60,20,41,"high quality dofollow backlinks da 50 pa 40 premium pbn network service gutterguardsamerica.com rank first page google fast seo link building buy backlinks online cheap","2026-06-28","2026-06-28"
18,"🏆🏆Boost your Google rankings with Premium PBN & Link Building🏆🏆","https://mylisthero.com/all/1187/19.html","https://gutterguardsamerica.com/",59,20,7,"high quality dofollow backlinks da 50 pa 40 premium pbn network service ggaroofing.com rank first page google fast seo link building buy backlinks online cheap","2026-08-27","2026-08-30"
19,"🏆🏆Boost your Google rankings with Premium PBN & Link Building🏆🏆","https://lydiaroyrealestate.com/all/146/1.html","https://gutterguardsamerica.com/",59,19,39,"high quality dofollow backlinks da 50 pa 40 premium pbn network service gutterguardsamerica.com rank first page google fast seo link building buy backlinks online cheap","2026-07-21","2026-07-21"
20,"🏆🏆Boost your Google rankings with Premium PBN & Link Building🏆🏆","https://phanerosart.com/all/1187/19.html","https://gutterguardsamerica.com/",59,17,12,"high quality dofollow backlinks da 50 pa 40 premium pbn network service ggaroofingcolumbus.com rank first page google fast seo link building buy backlinks online cheap","2026-08-13","2026-08-14"
21,"-","https://fitliving.online/","https://gutterguardsamerica.com/",58,36,61,"gutterguardsamerica","2023-07-04","2024-01-09"
22,"-","https://marketinghq.online/","https://gutterguardsamerica.com/",58,36,2,"gutterguardsamerica","2023-06-24","2023-12-27"
23,"Prepare Your Gutters For Summer Storms with Gutter Guards","https://articles.abilogic.com/575814/prepare-your-gutters-summer-storms.html","https://www.gutterguardsamerica.com/our-company/",58,33,1,"https://www.gutterguardsamerica.com/our-company/","2022-11-24","2026-07-08"
24,"admin – Guest Post","https://www.airport-minibus-northwich.co.uk/author/admin/","https://gutterguardsamerica.com/",58,21,47,"gu","2023-12-28","2023-12-28"
25,"Medical Malpractice Attorneys – Guest Post","https://www.motorcycletrainingschool.co.uk/medical-malpractice-attorneys/","https://gutterguardsamerica.com/",58,21,12,"gu","2024-01-18","2024-01-18"
26,"-","https://smarttechhq.online/","https://gutterguardsamerica.com/",57,36,5,"gutterguardsamerica","2023-09-21","2023-12-23"
27,"Top 30 Gutter Cleaning in Arlington, TX | DexKnows.com","https://www.dexknows.com/arlington-tx/gutters-downspouts-cleaning","https://gutterguardsamerica.com/",57,36,5,"icon external link","2023-10-09","2026-03-27"
28,"The Most Popular Content Management Systems, And Why? – Guest Post","https://www.themoundmedicalcentre.co.uk/the-most-popular-content-management-systems-and-why/","https://gutterguardsamerica.com/",57,25,7,"gu","2023-12-25","2023-12-25"
29,"Who should I have build my site? – Guest Post","https://www.sharpedgegallery.co.uk/who-should-i-have-build-my-site/","https://gutterguardsamerica.com/",57,23,8,"gu","2023-12-12","2023-12-12"
30,"In What Ways Can Medical Malpractice Be Considered? – Guest Post","https://www.raymond-lydiard.co.uk/in-what-ways-can-medical-malpractice-be-considered/","https://gutterguardsamerica.com/",57,21,"-","gu","2024-01-21","2024-01-21"
31,"🏆🏆Boost your Google rankings with Premium PBN & Link Building🏆🏆","https://fletcherrld.com/all/1265/15.html","https://gutterguardsamerica.com/",57,20,14,"high quality dofollow backlinks da 50 pa 40 premium pbn network service gutterguardsamerica.com rank first page google fast seo link building buy backlinks online cheap","2026-08-16","2026-08-16"
32,"admin – Guest Post","https://www.carnivalproperties.co.uk/author/admin/","https://gutterguardsamerica.com/",57,19,11,"gu","2024-01-03","2024-01-03"
33,"🏆🏆Boost your Google rankings with Premium PBN & Link Building🏆🏆","https://thedocmag.com/all/1187/19.html","https://gutterguardsamerica.com/",57,19,1,"high quality dofollow backlinks da 50 pa 40 premium pbn network service ggaroofing.com rank first page google fast seo link building buy backlinks online cheap","2026-08-17","2026-08-17"
34,"🏆🏆Boost your Google rankings with Premium PBN & Link Building🏆🏆","https://expresskitchendesigns.com/all/1265/15.html","https://gutterguardsamerica.com/",57,19,6,"high quality dofollow backlinks da 50 pa 40 premium pbn network service gutterguardsamerica.com rank first page google fast seo link building buy backlinks online cheap","2026-08-16","2026-08-16"
35,"🏆🏆Boost your Google rankings with Premium PBN & Link Building🏆🏆","https://juaralaundry.com/all/1265/15.html","https://gutterguardsamerica.com/",57,18,6,"high quality dofollow backlinks da 50 pa 40 premium pbn network service gutterguardsamerica.com rank first page google fast seo link building buy backlinks online cheap","2026-08-16","2026-08-16"
36,"🏆🏆Boost your Google rankings with Premium PBN & Link Building🏆🏆","https://blogerreviewers.com/all/1265/15.html","https://gutterguardsamerica.com/",57,18,6,"high quality dofollow backlinks da 50 pa 40 premium pbn network service gutterguardsamerica.com rank first page google fast seo link building buy backlinks online cheap","2026-08-19","2026-08-19"
37,"🏆🏆Boost your Google rankings with Premium PBN & Link Building🏆🏆","https://onlineshoppingidea.com/all/68/6.html","https://gutterguardsamerica.com/",57,18,11,"high quality dofollow backlinks da 50 pa 40 premium pbn network service ggaroofing.com rank first page google fast seo link building buy backlinks online cheap","2026-07-28","2026-08-14"
38,"-","https://bizgenius.online/","https://gutterguardsamerica.com/",56,37,7,"gutterguardsamerica","2023-06-21","2023-12-27"
39,"Gutter Guards America - Morrisville - Acompio United States of America","https://www.acompio.us/Gutter-Guards-America-36324355.html","https://www.gutterguardsamerica.com/",56,28,12,"company page","2024-06-27","2026-02-14"
40,"🏆🏆Boost your Google rankings with Premium PBN & Link Building🏆🏆","https://smartstimer.com/all/1265/15.html","https://gutterguardsamerica.com/",56,23,7,"high quality dofollow backlinks da 50 pa 40 premium pbn network service gutterguardsamerica.com rank first page google fast seo link building buy backlinks online cheap","2026-08-20","2026-08-20"
41,"🏆🏆Boost your Google rankings with Premium PBN & Link Building🏆🏆","https://theforbestimes.com/all/1265/15.html","https://gutterguardsamerica.com/",56,22,6,"high quality dofollow backlinks da 50 pa 40 premium pbn network service gutterguardsamerica.com rank first page google fast seo link building buy backlinks online cheap","2026-08-16","2026-08-16"
42,"🏆🏆Boost your Google rankings with Premium PBN & Link Building🏆🏆","https://ufabettererm4.com/all/1265/15.html","https://gutterguardsamerica.com/",56,19,7,"high quality dofollow backlinks da 50 pa 40 premium pbn network service gutterguardsamerica.com rank first page google fast seo link building buy backlinks online cheap","2026-08-16","2026-08-16"
43,"🏆🏆Boost your Google rankings with Premium PBN & Link Building🏆🏆","https://archive-hu.com/all/1265/15.html","https://gutterguardsamerica.com/",56,19,11,"high quality dofollow backlinks da 50 pa 40 premium pbn network service gutterguardsamerica.com rank first page google fast seo link building buy backlinks online cheap","2026-08-16","2026-08-16"
44,"🏆🏆Boost your Google rankings with Premium PBN & Link Building🏆🏆","https://canadapsilocybin.com/all/1265/15.html","https://gutterguardsamerica.com/",56,19,9,"high quality dofollow backlinks da 50 pa 40 premium pbn network service gutterguardsamerica.com rank first page google fast seo link building buy backlinks online cheap","2026-08-17","2026-08-17"
45,"🏆🏆Boost your Google rankings with Premium PBN & Link Building🏆🏆","https://fastlifesite.com/all/1187/19.html","https://gutterguardsamerica.com/",56,19,12,"high quality dofollow backlinks da 50 pa 40 premium pbn network service ggaroofing.com rank first page google fast seo link building buy backlinks online cheap","2026-08-22","2026-08-22"
46,"🏆🏆Boost your Google rankings with Premium PBN & Link Building🏆🏆","https://primenewsartical.com/all/1187/19.html","https://gutterguardsamerica.com/",56,18,6,"high quality dofollow backlinks da 50 pa 40 premium pbn network service ggaroofing.com rank first page google fast seo link building buy backlinks online cheap","2026-08-11","2026-08-14"
47,"2026 Gutter Guards America Reviews: Gutter Guards","https://www.consumersadvocate.org/gutter-guard/c/gutter-guards-america-review","https://install.gutterguardsamerica.com/consumersadvocate/",55,39,3,"https://install.gutterguardsamerica.com/consumersadvocate/","2021-10-26","2026-06-28"
48,"🏆🏆Boost your Google rankings with Premium PBN & Link Building🏆🏆","https://betwinnermirror.com/all/1187/19.html","https://gutterguardsamerica.com/",55,22,5,"high quality dofollow backlinks da 50 pa 40 premium pbn network service ggaroofing.com rank first page google fast seo link building buy backlinks online cheap","2026-08-14","2026-08-14"
49,"🏆🏆Boost your Google rankings with Premium PBN & Link Building🏆🏆","https://techbumppy.com/all/1265/15.html","https://gutterguardsamerica.com/",55,20,7,"high quality dofollow backlinks da 50 pa 40 premium pbn network service gutterguardsamerica.com rank first page google fast seo link building buy backlinks online cheap","2026-08-14","2026-08-14"
50,"🏆🏆Boost your Google rankings with Premium PBN & Link Building🏆🏆","https://adcreativevideo.com/all/1187/19.html","https://gutterguardsamerica.com/",55,19,6,"high quality dofollow backlinks da 50 pa 40 premium pbn network service ggaroofing.com rank first page google fast seo link building buy backlinks online cheap","2026-08-21","2026-08-24"
51,"🏆🏆Boost your Google rankings with Premium PBN & Link Building🏆🏆","https://lawyerinjeddah.com/all/146/1.html","https://gutterguardsamerica.com/",55,18,28,"high quality dofollow backlinks da 50 pa 40 premium pbn network service gutterguardsamerica.com rank first page google fast seo link building buy backlinks online cheap","2026-08-23","2026-08-23"
52,"🏆🏆Boost your Google rankings with Premium PBN & Link Building🏆🏆","https://themicrodigits.com/all/1187/19.html","https://gutterguardsamerica.com/",55,18,11,"high quality dofollow backlinks da 50 pa 40 premium pbn network service ggaroofing.com rank first page google fast seo link building buy backlinks online cheap","2026-08-22","2026-08-22"
53,"🏆🏆Boost your Google rankings with Premium PBN & Link Building🏆🏆","https://coruzants.com/all/1187/19.html","https://gutterguardsamerica.com/",55,13,13,"high quality dofollow backlinks da 50 pa 40 premium pbn network service ggasiding.com rank first page google fast seo link building buy backlinks online cheap","2026-08-31","2026-08-31"
54,"🏆🏆Boost your Google rankings with Premium PBN & Link Building🏆🏆","https://www.southfwb.com/all/1187/19.html","https://gutterguardsamerica.com/",54,23,9,"high quality dofollow backlinks da 50 pa 40 premium pbn network service ggaroofing.com rank first page google fast seo link building buy backlinks online cheap","2026-08-19","2026-08-19"
55,"🏆🏆Boost your Google rankings with Premium PBN & Link Building🏆🏆","https://gladeflowers.com/all/1265/15.html","https://gutterguardsamerica.com/",54,22,11,"high quality dofollow backlinks da 50 pa 40 premium pbn network service gutterguardsamerica.com rank first page google fast seo link building buy backlinks online cheap","2026-08-20","2026-08-20"
56,"🏆🏆Boost your Google rankings with Premium PBN & Link Building🏆🏆","https://kkinsider.com/all/1187/19.html","https://gutterguardsamerica.com/",54,21,8,"high quality dofollow backlinks da 50 pa 40 premium pbn network service ggaroofing.com rank first page google fast seo link building buy backlinks online cheap","2026-08-21","2026-08-24"
57,"🏆🏆Boost your Google rankings with Premium PBN & Link Building🏆🏆","https://casinooftheking.com/all/1187/19.html","https://gutterguardsamerica.com/",54,20,14,"high quality dofollow backlinks da 50 pa 40 premium pbn network service ggaroofing.com rank first page google fast seo link building buy backlinks online cheap","2026-08-16","2026-08-16"
58,"Plumbing & Sanitation: Essential for a Safe and Healthy Home – SEO HUB DIRECTORY","https://seohubdirectory.com/plumbing-sanitation-essential-for-a-safe-and-healthy-home/","https://www.gutterguardsamerica.com/",54,20,3,"gutter guards america","2025-10-27","2026-08-05"
59,"🏆🏆Boost your Google rankings with Premium PBN & Link Building🏆🏆","https://firstguestpost.com/all/1265/15.html","https://gutterguardsamerica.com/",54,20,2,"high quality dofollow backlinks da 50 pa 40 premium pbn network service gutterguardsamerica.com rank first page google fast seo link building buy backlinks online cheap","2026-08-15","2026-08-18"
60,"🏆🏆Boost your Google rankings with Premium PBN & Link Building🏆🏆","https://betulcrime.com/all/1187/19.html","https://gutterguardsamerica.com/",54,20,7,"high quality dofollow backlinks da 50 pa 40 premium pbn network service ggaroofing.com rank first page google fast seo link building buy backlinks online cheap","2026-08-10","2026-08-14"
61,"🏆🏆Boost your Google rankings with Premium PBN & Link Building🏆🏆","https://masihnyata.com/all/1187/19.html","https://gutterguardsamerica.com/",54,19,14,"high quality dofollow backlinks da 50 pa 40 premium pbn network service ggaroofing.com rank first page google fast seo link building buy backlinks online cheap","2026-08-16","2026-08-16"
62,"🏆🏆Boost your Google rankings with Premium PBN & Link Building🏆🏆","https://exotichealths.com/all/1187/19.html","https://gutterguardsamerica.com/",54,19,6,"high quality dofollow backlinks da 50 pa 40 premium pbn network service ggaroofing.com rank first page google fast seo link building buy backlinks online cheap","2026-08-11","2026-08-14"
63,"🏆🏆Boost your Google rankings with Premium PBN & Link Building🏆🏆","https://rjcentinc.com/all/1187/19.html","https://gutterguardsamerica.com/",54,19,6,"high quality dofollow backlinks da 50 pa 40 premium pbn network service ggasiding.com rank first page google fast seo link building buy backlinks online cheap","2026-08-19","2026-08-19"
64,"🏆🏆Boost your Google rankings with Premium PBN & Link Building🏆🏆","https://dupurgeniefr.com/all/1265/15.html","https://gutterguardsamerica.com/",54,19,6,"high quality dofollow backlinks da 50 pa 40 premium pbn network service gutterguardsamerica.com rank first page google fast seo link building buy backlinks online cheap","2026-08-15","2026-08-18"
65,"🏆🏆Boost your Google rankings with Premium PBN & Link Building🏆🏆","https://digitalchatni.com/all/1265/15.html","https://gutterguardsamerica.com/",54,19,7,"high quality dofollow backlinks da 50 pa 40 premium pbn network service gutterguardsamerica.com rank first page google fast seo link building buy backlinks online cheap","2026-08-19","2026-08-19"
66,"🏆🏆Boost your Google rankings with Premium PBN & Link Building🏆🏆","https://forbesstories.com/all/1265/15.html","https://gutterguardsamerica.com/",54,19,7,"high quality dofollow backlinks da 50 pa 40 premium pbn network service gutterguardsamerica.com rank first page google fast seo link building buy backlinks online cheap","2026-08-22","2026-08-22"
67,"🏆🏆Boost your Google rankings with Premium PBN & Link Building🏆🏆","https://mediaboooster.com/all/1187/19.html","https://gutterguardsamerica.com/",54,19,11,"high quality dofollow backlinks da 50 pa 40 premium pbn network service ggasiding.com rank first page google fast seo link building buy backlinks online cheap","2026-08-19","2026-08-19"
68,"Roofing and Guttering Services Directory | LinkCentre","https://www.linkcentre.com/home-and-garden/roofing-and-guttering/","https://gutterguardsamerica.com/charlotte-north-carolina/",53,36,2,"gga roofing gutter guards america","2026-04-07","2026-07-12"
69,"🏆🏆Boost your Google rankings with Premium PBN & Link Building🏆🏆","https://plrdownloadshub.com/all/1187/19.html","https://gutterguardsamerica.com/",53,23,"-","high quality dofollow backlinks da 50 pa 40 premium pbn network service ggaroofing.com rank first page google fast seo link building buy backlinks online cheap","2026-08-18","2026-08-20"
70,"🏆🏆Boost your Google rankings with Premium PBN & Link Building🏆🏆","https://bestnz-poker-casinoslot.com/all/1187/19.html","https://gutterguardsamerica.com/",53,22,15,"high quality dofollow backlinks da 50 pa 40 premium pbn network service ggaroofing.com rank first page google fast seo link building buy backlinks online cheap","2026-08-14","2026-08-14"
71,"🏆🏆Boost your Google rankings with Premium PBN & Link Building🏆🏆","https://libyanatravel.com/all/68/6.html","https://gutterguardsamerica.com/",53,20,6,"high quality dofollow backlinks da 50 pa 40 premium pbn network service ggasiding.com rank first page google fast seo link building buy backlinks online cheap","2026-08-31","2026-08-31"
72,"🏆🏆Boost your Google rankings with Premium PBN & Link Building🏆🏆","https://hotonlinegaming.com/all/1187/19.html","https://gutterguardsamerica.com/",53,18,1,"high quality dofollow backlinks da 50 pa 40 premium pbn network service ggaroofing.com rank first page google fast seo link building buy backlinks online cheap","2026-08-11","2026-08-14"
73,"🏆🏆Boost your Google rankings with Premium PBN & Link Building🏆🏆","https://fashionclothingnews.com/all/1187/19.html","https://gutterguardsamerica.com/",53,18,6,"high quality dofollow backlinks da 50 pa 40 premium pbn network service ggaroofing.com rank first page google fast seo link building buy backlinks online cheap","2026-08-20","2026-08-20"
74,"-","https://www.guildquality.com/pro/gutter-guards-america-norcross","https://www.gutterguardsamerica.com/",52,31,7,"https://www.gutterguardsamerica.com/","2023-06-06","2023-09-07"
75,"-","https://nearmelisting.com/local/gutter-guards-america","https://gutterguardsamerica.com/",52,22,2,"https://gutterguardsamerica.com","2023-06-25","2024-11-27"
76,"GGA Roofing | Gutter Guards America - YpLocal","https://yplocal.us/business/gga-roofing-gutter-guards-america-2/","https://gutterguardsamerica.com/",52,21,1,"visit our website","2025-10-25","2026-08-08"
77,"🏆🏆Boost your Google rankings with Premium PBN & Link Building🏆🏆","https://homesforsaleoldgreenwichct.com/all/1187/19.html","https://gutterguardsamerica.com/",52,18,5,"high quality dofollow backlinks da 50 pa 40 premium pbn network service ggasiding.com rank first page google fast seo link building buy backlinks online cheap","2026-08-31","2026-08-31"
78,"🏆🏆Boost your Google rankings with Premium PBN & Link Building🏆🏆","https://clifflisting.com/all/1265/15.html","https://gutterguardsamerica.com/",52,18,20,"high quality dofollow backlinks da 50 pa 40 premium pbn network service gutterguardsamerica.com rank first page google fast seo link building buy backlinks online cheap","2026-08-13","2026-08-13"
79,"-","https://agreatertown.com/greenville_sc/gutter_guards_america_000747547320","https://gutterguardsamerica.com/",50,33,1,"http://gutterguardsamerica.com/","2023-02-06","2023-05-11"
80,"🏆🏆Boost your Google rankings with Premium PBN & Link Building🏆🏆","https://onvaxs.com/all/1187/19.html","https://gutterguardsamerica.com/",50,19,23,"high quality dofollow backlinks da 50 pa 40 premium pbn network service ggaroofing.com rank first page google fast seo link building buy backlinks online cheap","2026-08-14","2026-08-14"
81,"-","https://www.cylex.us.com/company/spotless-mobile-powerwash-26856699.html","https://gutterguardsamerica.com/",49,34,3,"website","2020-06-20","2020-06-20"
82,"-","https://www.freelistingusa.com/listings/gga-roofing-gutter-guards-america","https://gutterguardsamerica.com/charlotte-north-carolina/",47,34,2,"https://gutterguardsamerica.com/charlotte/","2025-06-28","2026-04-16"
83,"North America Gutter Filter Industry","https://www.datainsightsmarket.com/reports/north-america-gutter-filter-industry-6967","https://www.gutterguardsamerica.com/",47,30,3,"gutter guards america","2024-10-17","2026-07-12"
84,"-","https://yellowplace.org/fr/gutter-guards-america-arlington-tx-usa","https://gutterguardsamerica.com/",47,19,2,"gutterguardsamerica.com","2025-01-30","2025-01-30"
85,"-","https://www.anibookmark.com/business/gga-roofing-gutter-guards-america-bs329816.html","https://gutterguardsamerica.com/raleigh-north-carolina/",46,33,4,"https://gutterguardsamerica.com/raleigh/","2025-05-02","2025-06-04"
86,"-","https://www.townplanner.com/wsr/3-18612-12093-6-1-414390-148700-148700/","https://www.gutterguardsamerica.com/",46,30,3,"-","2022-08-07","2026-07-21"
87,"-","https://www.golocal247.com/b/columbus-oh/gutter-downspout-cleaning","https://www.gutterguardsamerica.com/",45,31,3,"website","2020-01-27","2025-04-29"
88,"-","https://www.bunity.com/gutter-guards-america","https://gutterguardsamerica.com/",43,32,1,"gutter guards america gutter services","2026-04-26","2026-07-30"
89,"Gutter Guards America Reviews - gutterguardsamerica.com Customer Reviews - ReviewFoxy","https://www.reviewfoxy.com/reviews/gutterguardsamerica.com","https://gutterguardsamerica.com/",42,25,2,"gutterguardsamerica.com
                                    
                                    visit website","2022-02-25","2025-04-13"
90,"🏆🏆Boost your Google rankings with Premium PBN & Link Building🏆🏆","https://aloysionunes.com/all/1265/15.html","https://gutterguardsamerica.com/",42,20,18,"high quality dofollow backlinks da 50 pa 40 premium pbn network service gutterguardsamerica.com rank first page google fast seo link building buy backlinks online cheap","2026-08-21","2026-08-24"
91,"
	Cary Gutters Costs & Prices - ProMatcher Cost Report
","https://gutters.promatcher.com/cost/cary-nc-gutters-costs-prices.aspx","https://gutterguardsamerica.com/",41,27,9,"https://gutterguardsamerica.com","2020-06-15","2026-08-30"
92,"🏆🏆Boost your Google rankings with Premium PBN & Link Building🏆🏆","https://uncledspizza.com/all/1187/19.html","https://gutterguardsamerica.com/",41,17,7,"high quality dofollow backlinks da 50 pa 40 premium pbn network service ggaroofing.com rank first page google fast seo link building buy backlinks online cheap","2026-08-16","2026-08-16"
93,"Gutter Guards America - Construction - Bizidex","https://bizidex.com/en/gutter-guards-america-construction-313574","https://gutterguardsamerica.com/",40,32,4,"-","2025-09-26","2026-07-21"
94,"-","https://www.fyple.com/company/gutter-guards-america-ux6xhz3/","https://www.gutterguardsamerica.com/",40,32,11,"www.gutterguardsamerica.c...","2022-04-12","2023-02-02"
95,"-","https://chascrazycreations.com/lawn-design/","https://www.gutterguardsamerica.com/",40,27,1,"gutter guard installation","2022-08-02","2023-08-15"
96,"GGA Roofing & Gutters, Norcross, GA - Reviews (51), Photos (12) - BestProsInTown","https://www.bestprosintown.com/ga/norcross/gga-roofing-and-gutters-/","https://gutterguardsamerica.com/atlanta/",39,30,3,"website","2024-08-24","2026-06-13"
97,"-","https://eightymphmom.com/how-to-make-your-home-easier-to-manage/","https://gutterguardsamerica.com/about/",39,29,10,"https://gutterguardsamerica.com/about/","2025-05-04","2026-04-01"
98,"🏆🏆Boost your Google rankings with Premium PBN & Link Building🏆🏆","https://cgpa2percentag.com/all/1265/15.html","https://gutterguardsamerica.com/",39,19,"-","high quality dofollow backlinks da 50 pa 40 premium pbn network service gutterguardsamerica.com rank first page google fast seo link building buy backlinks online cheap","2026-08-16","2026-08-16"
99,"-","https://www.cordylink.com/search/mind-in-the-gutter-llc","https://www.gutterguardsamerica.com/",38,28,"-","-","2022-07-13","2022-07-13"
100,"Texas Roofing/Siding Businesses","https://texas.bizhwy.com/businesses.php?c=476","https://gutterguardsamerica.com/",37,38,9,"visit the gutter guards america website","2022-07-04","2026-07-05"
101,"-","https://www.zipleaf.us/GoToWebsite/1713904","https://www.gutterguardsamerica.com/",37,31,2,"-","2022-04-20","2026-02-01"
102,"-","https://profile.infofree.com/biz/NC/Morrisville/Gutter%20Guards%20America/11140018203288","https://www.gutterguardsamerica.com/",37,28,1,"www.gutterguardsamerica.com","2023-11-03","2023-11-06"
103,"-","https://ua.realreviews.io/go-to/gutterguardsamerica.com","https://gutterguardsamerica.com/",37,28,1,"-","2024-05-23","2025-05-30"
104,"-","https://www.elsejob.com/profile/gutter-guards-america","https://gutterguardsamerica.com/",37,17,2,"-","2025-01-22","2026-01-04"
105,"-","https://addyp.com/listing/ohio/dublin/Services-near-me/gutter-guards-america","https://gutterguardsamerica.com/",36,28,2,"-","2024-04-19","2024-08-02"
106,"-","https://www.microlinkinc.com/search/gutter-guards-atlanta","https://gutterguardsamerica.com/atlanta/",35,29,18,"-","2022-11-19","2022-11-19"
107,"
            GUTTER GUARDS AMERICA, LLC - people working at Gutter Guards America, LLC        ","https://b2b.getemail.io/gutter-guards-america-llc-company-22517565.html","https://www.gutterguardsamerica.com/",35,27,1,"gutterguardsamerica.com","2023-11-06","2024-09-13"
108,"How To Spend Less Time On Chores And More Time Living","https://whatsgoodly.com/lifestyle/spend-less-time-on-chores/","https://gutterguardsamerica.com/",35,19,1,"gga roofing gutter guards america","2025-05-04","2026-06-28"
109,"-","https://similars.net/top-websites/gutter+protection++leafless","https://gutterguardsamerica.com/",34,28,11,"visit gutterguardsamerica.com","2022-07-31","2022-07-31"
110,"-","https://www.link-de.com/search/gutter-guards-systems","https://www.gutterguardsamerica.com/",34,28,52,"-","2022-07-19","2022-07-19"
111,"9 Guttering Companies, Raleigh - Available Now (Detailed View)","https://intently.co/suppliers/United+States/Raleigh/Guttering+Services?display=normal","https://gutterguardsamerica.com/locations/",33,27,1,"locations | gutter guards americagutterguardsamerica.com","2025-02-23","2026-02-12"
112,"🏆🏆Boost your Google rankings with Premium PBN & Link Building🏆🏆","https://m98ufa.com/all/68/6.html","https://gutterguardsamerica.com/",33,20,60,"high quality dofollow backlinks da 50 pa 40 premium pbn network service ggaroofingcolumbus.com rank first page google fast seo link building buy backlinks online cheap","2026-07-10","2026-08-14"
113,"Gutter Guards America","https://www.ringmybiz.com/profile/Gutter-Guards-America","https://www.gutterguardsamerica.com/",32,25,3,"www.gutterguardsamerica.com","2022-03-14","2026-05-31"
114,"How Much Do Gutter Guards Cost? - Trade Talk - Home Renovation Reviews | Your Local Renovation Forum","https://home.renovation.reviews/t/how-much-do-gutter-guards-cost/3227","https://gutterguardsamerica.com/",32,18,2,"gutter guards america","2026-04-04","2026-07-04"
115,"4 Home Maintenance Tasks and Checks That Should be Done Annually - BB Product Reviews","https://bbproductreviews.com/2022/03/4-home-maintenance-tasks-and-checks-that-should-be-done-annually.html","https://www.gutterguardsamerica.com/",31,26,2,"gutter guards","2022-03-25","2026-07-03"
116,"Tips For Keeping Your House Clean When You Live A Busy Life | Homelovr","https://www.homelovr.com/tips-for-keeping-your-house-clean-when-you-live-a-busy-life/","https://gutterguardsamerica.com/",30,30,4,"gutter guards","2025-03-14","2026-07-08"
117,"-","https://us-business.info/company/czo4OiIxNzYzNTE1OSI7/","https://www.gutterguardsamerica.com/",30,29,33,"https://www.gutterguardsamerica.com/","2021-08-31","2026-05-05"
118,"-","https://www.gamerkun.com/page-49ccb7b61ceb5f42eea7ffed05f4fe53.html","https://gutterguardsamerica.com/dublin-ohio/",30,18,39,"gutterguardsohio.com","2026-04-19","2026-04-19"
119,"-","https://www.directory.ldmstudio.com/gutter-guards-america-685957.html","https://www.gutterguardsamerica.com/",29,27,22,"gutter guards america","2022-10-25","2026-05-04"
120,"-","https://www.bethanne.net/search/gutters-guards","https://gutterguardsamerica.com/",29,26,17,"-","2022-08-17","2022-08-17"
121,"-","https://afvnews.ca/2022/07/22/gutter-guards-america-offers-no-obligation-gutter-guard-estimates/","https://www.gutterguardsamerica.com/blog/",29,22,7,"https://www.gutterguardsamerica.com/blog/","2022-07-27","2023-11-14"
122,"Gutter Guards America","https://www.wishesh.com/index.php?option=com_aclsfgpl&Itemid=306&md=ypdetails&ct=services40&id=705477","https://gutterguardsamerica.com/",28,25,3,"gutterguardsamerica.com","2022-11-16","2023-03-21"
123,"-","https://ensun.io/company/gutter-guards-america-llc-64a8c5e892229916b48d05fb","https://gutterguardsamerica.com/",27,27,3,"go to website","2024-05-24","2024-09-04"
124,"-","https://5minutesite.com/srchlist.php?s=75&np=39&zip=8970&az=10&cy=US&pt=SOTR&submit=Search","https://gutterguardsamerica.com/",27,23,12,"https://gutterguardsamerica.com/","2026-01-05","2026-01-05"
125,"👲 Domain Report 👲","https://quero.party/report/64461","https://gutterguardsamerica.com/dublin-ohio/",27,23,4,"gutterguardsohio.com","2026-07-11","2026-07-11"
126,"-","https://fireflylisting.com/listings/gutter-guards-america","https://gutterguardsamerica.com/",25,26,3,"-","2022-11-23","2026-08-27"
127,"How Long Does A Roof Last? - NeededInTheHome","https://neededinthehome.com/how-long-does-a-roof-last/","https://gutterguardsamerica.com/charlotte-north-carolina/",24,24,16,"roofing services","2025-05-04","2026-07-07"
128,"The Gutter Guard Experts By America S Choice Home Solutions Johnstown Co - Reverasite","https://reverasite.com/the-gutter-guard-experts-by-america-s-choice-home-solutions-johnstown-co","https://install.gutterguardsamerica.com/",24,23,30,"install.gutterguardsamerica.com","2023-08-09","2023-08-09"
129,"-","https://www.spursornothing.co.uk/page/2/?misc%2Fquick-navigation-menu&selected=portal","https://gutterguardsamerica.com/",24,23,59,"gu","2023-12-30","2023-12-30"
130,"
            Gutter Guards America, LLC - people working at Gutter Guards America, LLC        ","https://directory.email-verifier.io/gutter-guards-america-llc-emails-22517565.html","https://www.gutterguardsamerica.com/",24,22,18,"gutterguardsamerica.com","2023-11-18","2024-09-17"
131,"Gutterguardsamerica Reviews & Ratings | RatingFacts","https://ratingfacts.com/reviews/gutterguardsamerica.com","https://gutterguardsamerica.com/",24,22,3,"gutterguardsamerica.com","2025-12-16","2026-06-28"
132,"-","https://ps2-ru.com/search/member?user_id=3090","https://gutterguardsamerica.com/",23,24,56,"gu","2023-12-17","2023-12-17"
133,"-","https://tehnografi.com/%D1%82%D0%BE%D0%BF-9-%D0%BB%D1%83%D1%87%D1%88%D0%B8%D1%85-%D0%B2%D0%B5%D0%B1-%D1%81%D0%B0%D0%B9%D1%82%D0%BE%D0%B2-%D0%BF%D0%BE-%D1%83%D1%81%D0%BB%D1%83%D0%B3%D0%B0%D0%BC-%D0%BD%D0%B0-%D0%B4%D0%BE/","https://www.gutterguardsamerica.com/",22,25,10,"охранники сточных вод америка","2023-09-16","2025-12-29"
134,"-","https://www.how-use.com/how-to-clean-gutter-guards/","https://www.gutterguardsamerica.com/why-gutter-guards/",22,24,28,"go now","2022-01-01","2022-01-01"
135,"-","https://www.icame30.info/sample-page/","https://gutterguardsamerica.com/",22,19,94,"gu","2023-12-15","2023-12-15"
136,"Go Green Stump Removal in 10410 Globe Rd Ste 114, Morrisville","https://www.pages24.com/morrisville-nc/17477151-go-green-stump-removal","https://www.gutterguardsamerica.com/",21,25,32,"www.gutterguardsamerica.com","2021-11-15","2023-02-25"
137,"👲 Domain Report 👲","https://drjack.world/report/64462","https://gutterguardsamerica.com/dublin-ohio/",21,25,4,"gutterguardsohio.com","2026-07-05","2026-07-05"
138,"-","https://www.find-companies-now.com/companies-that-install-gutter-guards/","https://install.gutterguardsamerica.com/",21,23,53,"go now","2021-10-18","2022-01-29"
139,"-","https://www.directory-free.com/view-gutter-guards-america-937364.html","https://www.gutterguardsamerica.com/",20,28,1," visit gutter guards america","2022-12-07","2026-03-25"
140,"-","https://gettravelvoucher.com/site-vouchers/install.gutterguardsamerica.com","https://install.gutterguardsamerica.com/",20,24,16,"install.gutterguardsamerica.com","2022-02-28","2022-07-28"
141,"Best Gutter Cleaning Pros in Mooresville, North Carolina - All Star Pros","https://marketplace.allstarpros.com/gutter-cleaning/north-carolina/mooresville","https://gutterguardsamerica.com/charlotte-north-carolina/",20,17,15,"view website","2025-12-21","2025-12-21"
142,"-","https://www.letecke-forum.info/blog/aHR0cHMlM0ElMkYlMkZ3aWxsaWFtdG93bnNlbmRrMmphLndlYi5hcHAlMkZqayUyRmFsbC1hbWVyaWNhbi1ndXR0ZXItcHJvdGVjdGlvbi1sbGMuaHRtbA==","https://www.gutterguardsamerica.com/wp-content/uploads/2020/04/bbb-logo-1-e1587947511453.png",19,15,42,"gutter guards america clog free gutter protection","2022-04-30","2022-04-30"
143,"Americas Choice Gutter System Hours - hoursfinder.com","https://hoursfinder.com/a-hours/americas-choice-gutter-system-hours.html","https://www.gutterguardsamerica.com/",18,26,10,"gutter systems installations gutter guards america 123","2024-04-20","2026-04-17"
144,"-","https://getcouponsworld.com/site-coupons/gutterguardsamerica.com","https://install.gutterguardsamerica.com/",18,25,13,"get code","2022-09-28","2022-09-28"
145,"Tekken Skill Stop Slot Machine Critical Overview – Guest Post","https://www.hilltopcattery.co.uk/tekken-skill-stop-slot-machine-critical-overview/","https://gutterguardsamerica.com/",18,25,30,"gu","2024-01-21","2024-01-21"
146,"-","https://www.ctvn.info/author/admin/","https://gutterguardsamerica.com/",18,22,28,"gu","2023-12-17","2023-12-17"
147,"Guest Post – Guest Post","https://www.plasticartmcr.co.uk/","https://gutterguardsamerica.com/",17,24,"-","gu","2023-07-16","2023-07-16"
148,"❤️ URL Shared ❤️","https://backlinks-checker.com/share/117511","https://gutterguardsamerica.com/",17,23,7,"gutterguardamerica.com","2026-06-14","2026-06-19"
149,"To define what a life mission  – Guest Post","https://www.albatrossart.co.uk/to-define-what-a-life-mission/","https://gutterguardsamerica.com/",17,20,23,"gu","2023-12-28","2023-12-28"
150,"-","https://www.wild-scape.co.uk/?main_page=popup_image&pID=3508","https://gutterguardsamerica.com/",17,17,65,"gu","2023-12-24","2023-12-24"
151,"Benefits of Gutters Mobile AL: Uncover the Advantages","https://wisebuildersrnr.com/benefits-of-gutters-mobile-al-uncover-the-advantages/","https://gutterguardsamerica.com/how-gutter-guards-save-you-time-and-money/",16,19,1,"over time quality gutters can actually save you money by preventing the need for costly repairs","2024-11-05","2026-06-26"
152,"GGA Roofing & Gutters | Norcross, GA","https://roofers.com/gga-roofing-gutters/","https://gutterguardsamerica.com/",16,16,9,"www icon","2024-11-29","2026-08-06"
153,"
    
    GGA Roofing & Gutters - Roofing Company in Dublin, Ohio
  
  ","https://www.betterbuyer.com/best-roofing/kxwx0-ggaroofing-gutters","https://gutterguardsamerica.com/",16,16,2,"gutterguardsamerica.com","2025-06-28","2026-06-30"
154," Gutter Guards America Promo Code, Coupons July 2026","https://www.getscoupon.com/store/GutterGuardsAmerica.com","https://gutterguardsamerica.com/",15,22,5,"gutter guards america","2022-12-05","2026-08-02"
155,"GGA Roofing | Gutter Guards America - Dublin, Ohio - local-roofing.net","https://local-roofing.net/Ohio/GGA-Roofing--Gutter-Guards-America-15678539751/","https://gutterguardsamerica.com/",15,20,9,"https://gutterguardsamerica.com/","2025-12-16","2026-07-04"
156,"-","https://costguide.com/company/gutter-guards-america/","https://www.gutterguardsamerica.com/",15,16,1,"gutter guards america logo","2025-01-25","2025-05-09"
157,"-","https://www.carpet-accessories.co.uk/category/uncategorized/","https://gutterguardsamerica.com/",15,15,1,"gu","2023-07-21","2023-07-21"
158,"❤️ URL Shared ❤️","https://urls-shortener.eu/share/66569","https://gutterguardsamerica.com/",14,24,6,"getgga.com","2026-04-11","2026-04-11"
159,"-","https://audience.pics/keyword-ranking/1304119/gutter+done+dallas","https://gutterguardsamerica.com/dallas-gutter-guard/",14,17,16,"dallas tx gutter guard system best gutter company near me","2024-01-01","2024-01-01"
160,"-","https://www.potterypainters.co.uk/?main_page=gv_faq&faq_item=3","https://gutterguardsamerica.com/",14,17,65,"gu","2023-12-31","2023-12-31"
161,"-","https://pudhe.com/page-49ccb7b61ceb5f42eea7ffed05f4fe53.html","https://gutterguardsamerica.com/dublin-ohio/",14,17,57,"gutterguardsohio.com","2026-04-05","2026-04-05"
162,"-","https://www.howdoyoumakewine.co.uk/?main_page=product_reviews_write&products_id=470&number_of_uploads=0","https://gutterguardsamerica.com/",14,16,28,"gu","2023-12-25","2023-12-25"
163,"seo domain research","https://knows.monster/domain/domain/part/96185","https://gutterguardsamerica.com/",14,15,41,"ggaroofing.com","2026-07-05","2026-08-14"
164,"👲 Domain Report 👲","https://bye.fyi/report/120689","https://gutterguardsamerica.com/atlanta-georgia/",13,27,7,"gutterguardsgeorgia.com","2026-08-05","2026-08-05"
165,"-","https://sergechel.info/list-1369d39e75ac37d19878e49dcb0cb55e","https://gutterguardsamerica.com/",13,23,14,"getgga.com","2025-01-13","2025-12-30"
166,"❤️ URL Shared ❤️","https://shortenurls.eu/share/64461","https://gutterguardsamerica.com/dublin-ohio/",13,21,7,"gutterguardsohio.com","2026-08-25","2026-08-25"
167,"-","https://ambitionly.click/keyword-ranking/1153844/review+gutter+covers","https://gutterguardsamerica.com/reviews/",13,20,13,"reviews gutter guards america","2023-05-28","2024-02-08"
168,"COLUMBUS GUTTER CLEANING - jesd","https://jesd.mountaintopuniversity.edu.ng/jesd/columbus-gutter-cleaning/","https://gutterguardsamerica.com/wp-content/uploads/2023/05/DSC01329-Edit-scaled.jpg",13,18,7,"columbus oh gutter guards america","2026-04-14","2026-04-14"
169,"✅ Website Stats 📊","https://blogsphere.top/stats/105913","https://gutterguardsamerica.com/",13,17,15,"ggasiding.com","2026-06-17","2026-08-14"
170,"Where to buy 🚀 aged domains and backlinks 🔥 from www.globalecommerce.org | 4976-1542","https://www.globalecommerce.org/page-49ccb7b61ceb5f42eea7ffed05f4fe53.html","https://gutterguardsamerica.com/dublin-ohio/",13,17,4,"gutterguardsohio.com","2026-08-23","2026-08-23"
171,"-","https://www.bukabuka.info/blog/aHR0cHMlM0ElMkYlMkZiYXJiYXJhYnJhbmRvbmo5ajIud2ViLmFwcCUyRnBpZWNlJTJGZ3V0dGVyLWd1YXJkcy1kZWxhd2FyZS1jaXR5Lmh0bWw=","https://www.gutterguardsamerica.com/wp-content/uploads/2019/09/Arrow_Home_Image7-2.jpg",13,17,36,"gutter guards america clog free gutter protection","2022-03-09","2022-03-09"
172,"Guest Post – Guest Post","https://www.gaiaholistix.co.uk/","https://gutterguardsamerica.com/",12,20,59,"gu","2023-07-18","2023-07-18"
173,"-","https://www.italyyt.xyz/watch/1zXOcXnD8XU","https://gutterguardsamerica.com/",12,19,67,"www.italyyt.xyz","2021-10-30","2021-10-30"
174,"-","https://revaliew.com/businesses/gutterguardsamerica.com/review","https://gutterguardsamerica.com/",12,17,1,"visit website","2026-01-30","2026-01-30"
175,"-","https://www.americanmade-site.us/cgi-bin/pseek/search.cgi?st=190&nd=200&keywords=Auto%20Wheels%20and%20Tires&cat_search=&cat_search_tmpl=","https://gutterguardsamerica.com/",12,17,1,"gutter guards america","2024-12-05","2024-12-05"
176,"seo domain research","https://knows.sbs/domain/domain/part/102576","https://gutterguardsamerica.com/",12,17,47,"gutterguardamerica.com","2026-02-14","2026-06-19"
177,"Top Link-Building Agency - Buy 100% Organic Backlinks & Guest Posting Services - AlgoLinkers - 9 - AlgoLinkers - SEO Agency","https://algolinkers.com/buy-organic-backlinks-and-guest-posting-services-click-here-to-explore-9/","https://gutterguardsamerica.com/",12,16,5,"gutterguardsamerica.com","2025-06-24","2026-04-20"
178,"seo domain research","https://seol.store/domain/domain/part/102576","https://gutterguardsamerica.com/",12,16,45,"gutterguardamerica.com","2026-01-18","2026-08-13"
179,"-","https://www.findinfo.in/page-49ccb7b61ceb5f42eea7ffed05f4fe53.html","https://gutterguardsamerica.com/dublin-ohio/",12,15,12,"gutterguardsohio.com","2026-04-01","2026-04-01"
180,"Review Gutter Covers | Keyword Rankings","https://abeautiful.site/keyword-ranking/1153844/review+gutter+covers","https://gutterguardsamerica.com/reviews/",12,15,22,"reviews gutter guards america","2023-05-25","2023-10-04"
181,"-","https://tutr.online/profile/dylanan701/","https://gutterguardsamerica.com/?s=Valid+Study+CKA+Questions+%F0%9F%8F%81+Reliable+CKA+Dumps+Files+%F0%9F%A7%B5+CKA+Test+Tutorials+%F0%9F%95%B4+Download+%E2%9E%BD+CKA+%F0%9F%A2%AA+for+free+by+simply+searching+on+%E2%8F%A9+www.pdfvce.com+%E2%8F%AA+%F0%9F%94%84CKA+Vce+Exam",12,15,13,"valid study cka questions 🏁 reliable cka dumps files 🧵 cka test tutorials 🕴 download ➽ cka 🢪 for free by simply searching on ⏩ www.pdfvce.com ⏪ 🔄cka vce exam","2026-03-30","2026-03-30"
182,"-","https://rrstation.biz/blog/aHR0cHMlM0ElMkYlMkZnaXZldmluZWV2ZWcud2ViLmFwcCUyRmFhJTJGYXJyb3ctZ3V0dGVycy1kdWJsaW4tb2hpby5odG1s","https://www.gutterguardsamerica.com/wp-content/uploads/2019/09/Arrow_Home_Image7-2.jpg",12,12,55,"gutter guards america clog free gutter protection","2021-10-09","2022-05-08"
183,"admin – Guest Post","https://www.liteopia.co.uk/author/admin/","https://gutterguardsamerica.com/",12,11,52,"gu","2023-07-18","2023-07-18"
184,"directorydaddy.com | few of top websites | page no. 3591","https://www.directorydaddy.com/domain-list-3591","https://gutterguardsamerica.com/",11,24,15,"gutterguardsamerica.com","2025-12-06","2025-12-06"
185,"-","https://www.how-use-install.com/gutter-guard-installation-companies/","https://install.gutterguardsamerica.com/?keyword=gutter%20guard",11,21,81,"go now","2022-01-20","2022-01-20"
186,"Gutter Guards America in Cornelius,NC - Uahot","https://www.uahot.com/business-127383.html","https://www.gutterguardsamerica.com/",11,19,3,"visit website","2024-08-16","2026-08-31"
187,"✅ Website Stats 📊","https://creativeposts.top/stats/32278","https://gutterguardsamerica.com/",11,18,7,"ggaroofing.com","2026-06-02","2026-06-02"
188,"✅ Website Stats 📊","https://optimizeflow.top/stats/32278","https://gutterguardsamerica.com/",11,18,7,"ggaroofing.com","2026-06-28","2026-06-28"
189,"Trustify360 - Default Title","https://trustify360.com/company/31377/gutter-guards-america?page=2","https://gutterguardsamerica.com/",11,17,32,"-","2026-02-27","2026-09-01"
190,"-","https://appsonly.website/keyword-ranking/1153844/review+gutter+covers","https://gutterguardsamerica.com/reviews/",11,16,6,"reviews gutter guards america","2023-05-25","2024-02-15"
191,"-","https://gigsa.xyz/hunting-fishing/fishing.html?brand=9248","https://gutterguardsamerica.com/",11,16,70,"gigsa.xyz","2021-11-03","2021-11-03"
192,"předložka Nenávist Vlast gutter guards kuchařka trest Encommium","https://www.zalavkami.cz/gutter-guards-k.html","https://gutterguardsamerica.com/wp-content/uploads/2021/04/rated.jpg",11,15,5,"gutter guards america stop cleaning gutters best gutter cover company near me gutter installation cost","2024-05-09","2024-05-09"
193,"Gutter Guards America Business Information for Morrisville, North Carolina - LocalCity Services","https://localcity.services/business/Gutter_Guards_Raleigh","https://gutterguardsamerica.com/raleigh-north-carolina/",11,15,15,"gutterguardsamerica.com","2023-09-28","2026-08-02"
194,"10 Best Gutter Cleaning Companies in Statesville, NC (2024) - USA Today","https://plan.blurface.xyz/money/homefront/local-pros/gutter-cleaning-statesville-nc/","https://gutterguardsamerica.com/charlotte-north-carolina/",11,15,13,"gutterguardsamerica.com/charlotte","2024-07-20","2025-05-27"
195,"-","https://memezone.xyz/The-fifteenth-volume-of-YGo-kuma-and-Yoshiaki-Tabatas-Young.html","https://gutterguardsamerica.com/",11,12,64,"memezone.xyz","2021-10-20","2021-10-20"
196,"-","https://www.haus-maria-elisabeth.info/category/uncategorized/","https://gutterguardsamerica.com/",11,11,70,"gu","2023-12-24","2023-12-24"
197,"-","https://www.startupwebsolutions.com.au/g-headquarters/gutter-guard-inc-headquarters.html","https://www.gutterguardsamerica.com/",10,22,9,"gutter guards america stop cleaning gutters","2022-08-17","2024-12-17"
198,"-","https://www.ssmgoc.co.uk/?main_page=tell_a_friend&products_id=434","https://gutterguardsamerica.com/",10,22,81,"gu","2024-01-13","2024-01-13"
199,"Gutter Grate Of America Headquarters - Willetton Uniforms","https://www.willettonuniforms.com.au/g-headquarters/gutter-grate-of-america-headquarters.html","https://www.gutterguardsamerica.com/",10,20,6,"gutter systems installations gutter guards america 123","2024-07-04","2026-05-18"
200,"
Lancaster Roof Replacement Cost (South Carolina) | Get an AI-Powered Estimate | RoofHero
","https://www.roofhero.com/locations/sc/lancaster/","https://gutterguardsamerica.com/charlotte-north-carolina/",10,18,5,"gga roofing gutters","2024-07-19","2026-05-29"
201,"-","https://maxibeats.xyz/9781631409608/ghostbusters-interdimensional-cross-rip-erik-burnham","https://gutterguardsamerica.com/",10,16,55,"maxibeats.xyz","2021-12-26","2021-12-26"
202,"-","https://acompany.store/keyword-ranking/1153844/review+gutter+covers","https://gutterguardsamerica.com/reviews/",10,16,43,"reviews gutter guards america","2023-05-27","2024-02-14"
203,"Businesses in North Carolina - LocalCity Market","https://localcity.market/search?state=NC","https://gutterguardsamerica.com/charlotte-north-carolina/",10,15,15,"gutterguardsamerica.com","2023-09-27","2026-06-29"
204,"-","https://www.mcdougallsoban.co.uk/?route=product/product&filter_tag=Denby%20Elements%20Blue%20-%20Set%20of%204%20S&product_id=558","https://gutterguardsamerica.com/",10,15,49,"gu","2024-01-07","2024-01-11"
205,"Businesses in North Carolina - LocalCity Exchange","https://localcity.exchange/search?state=NC","https://gutterguardsamerica.com/charlotte-north-carolina/",10,15,21,"gutterguardsamerica.com","2023-09-28","2026-06-30"
206,"Where to buy 🚀 aged domains and backlinks 🔥 from www.backlinkhouse.com| 4976-1542","https://www.backlinkhouse.com/page-49ccb7b61ceb5f42eea7ffed05f4fe53.html","https://gutterguardsamerica.com/dublin-ohio/",10,14,15,"gutterguardsohio.com","2026-07-20","2026-07-20"
207,"Top Gutter Guards for Your Home - Facts On The Brain","https://factsonthebrain.org/top-gutter-guards-for-your-home/","https://gutterguardsamerica.com/",10,14,1,"gutter guards","2025-02-08","2026-07-06"
208,"Roofers in Greenville, SC: Local Pros + Roofer Costs, DIYorBuyLocal","https://diyorbuylocal.com/local-pros/roofers/greenville-sc","https://gutterguardsamerica.com/greenville-south-carolina/",10,14,4,"visit website →","2026-07-01","2026-07-01"
209,"The Significance and Functionality of Internet Speed Calculators – Guest Post","https://www.pictureline.co.uk/the-significance-and-functionality-of-internet-speed-calculators/","https://gutterguardsamerica.com/",10,14,17,"gu","2024-02-29","2024-02-29"
210,"-","https://www.rossin.info/comprehensive-dentist-marketing-strategies-for-top-google-rankings/","https://gutterguardsamerica.com/",10,13,45,"gu","2023-12-17","2023-12-17"
211,"Sample Page – Guest Post","https://www.portermoore.co.uk/sample-page/","https://gutterguardsamerica.com/",10,10,45,"gu","2023-07-17","2023-07-17"
212,"-","https://gutterguardamerica.com/","https://gutterguardsamerica.com/",9,28,"-","-","2024-11-25","2026-06-19"
213,"-","https://ggasiding.com/","https://gutterguardsamerica.com/",9,28,"-","-","2024-08-22","2026-08-14"
214,"-","https://ggaroofing.com/","https://gutterguardsamerica.com/",9,28,"-","-","2024-08-21","2025-05-27"
215,"-","https://ilovecdo.info/blog/aHR0cHMlM0ElMkYlMkZoZWF0aGVyamFjcXVlbGluZWsyLndlYi5hcHAlMkZjYyUyRmFycm93LWd1dHRlci1ndWFyZHMuaHRtbA==","https://www.gutterguardsamerica.com/wp-content/uploads/2019/09/Arrow_Home_Image7-2.jpg",9,22,36,"gutter guards america clog free gutter protection","2022-01-01","2022-04-08"
216,"✅ Website Stats 📊","https://dailymusings.top/stats/64462","https://gutterguardsamerica.com/dublin-ohio/",9,18,7,"gutterguardsohio.com","2026-05-30","2026-05-30"
217,"✅ Website Stats 📊","https://metamagic.top/stats/57840","https://gutterguardsamerica.com/",9,18,8,"gutterguardsamerica.com","2025-12-03","2026-07-21"
218,"-","https://chillioffers.com/how-to-clean-aluminum-gutters","https://www.gutterguardsamerica.com/",9,17,1,"click to visit","2022-05-03","2022-11-03"
219,"Businesses in Georgia - LocalCity Directory","https://localcity.directory/search?state=GA","https://gutterguardsamerica.com/atlanta",9,16,15,"gutterguardsamerica.com","2023-09-26","2026-07-09"
220,"Gutter Guards America Business Information for Morrisville, North Carolina - LocalCity Sale","https://localcity.sale/business/Gutter_Guards_Raleigh","https://gutterguardsamerica.com/raleigh-north-carolina/",9,15,17,"gutterguardsamerica.com","2023-09-29","2026-07-07"
221,"Gutter Guards America Business Information for Morrisville, North Carolina - LocalStores Directory","https://localstores.directory/business/Gutter_Guards_Alpharetta","https://gutterguardsamerica.com/alpharetta",9,15,20,"gutterguardsamerica.com","2025-10-04","2026-07-23"
222,"Gutter Guards America Business Information for Morrisville, North Carolina - LocalCity Expert","https://localcity.expert/business/Gutter_Guards_Alpharetta","https://gutterguardsamerica.com/alpharetta",9,15,16,"gutterguardsamerica.com","2025-10-26","2026-08-09"
223,"Gutter Guards America Business Information for Cornelius, North Carolina - CityLocal Services","https://citylocal.services/business/Gutter_Guards_Charlotte","https://gutterguardsamerica.com/charlotte-north-carolina/",9,14,21,"gutterguardsamerica.com","2023-09-30","2026-08-01"
224,"Gutter Guards America Business Information for Morrisville, North Carolina - webKnow","https://webknow.com/business/Gutter_Guards_Raleigh","https://gutterguardsamerica.com/raleigh-north-carolina/",9,14,25,"gutterguardsamerica.com","2023-10-01","2026-07-14"
225," Gutter Guards America | Roofing contractor | Morrisville | Your Biz Listings ","https://yourbizlistings.com/listings/336528/gutter-guards-america","https://gutterguardsamerica.com/",9,14,19,"gutterguardsamerica.com","2025-12-21","2025-12-21"
226,"-","https://www.usaclip.xyz/watch/8uV95X3hOWU","https://gutterguardsamerica.com/",9,14,76,"www.usaclip.xyz","2021-11-28","2021-11-28"
227,"Sample Page – Guest Post","https://www.renewskinandbeautychester.co.uk/sample-page/","https://gutterguardsamerica.com/",9,10,33,"gu","2023-07-15","2023-07-15"
228,"10 บริษัท ทำความสะอาดรางน้ำที่ดีที่สุดใน Gastonia, NC (2024)","https://apkcv.best/article/10-gastonia-nc","https://gutterguardsamerica.com/charlotte-north-carolina/",8,31,1,"gutterguardsamerica.com/charlotte","2024-04-25","2025-05-27"
229,"❤️ URL Shared ❤️","https://anchorurl.cloud/share/32278","https://gutterguardsamerica.com/",8,22,6,"ggaroofing.com","2026-03-21","2026-06-26"
230,"❤️ URL Shared ❤️","https://buzzshrink.website/share/117510","https://gutterguardsamerica.com/",8,21,15,"gutterguardamerica.com","2026-05-12","2026-06-19"
231,"✅ Website Stats 📊","https://analyticshaven.top/stats/105912","https://gutterguardsamerica.com/",8,18,8,"ggasiding.com","2026-07-15","2026-08-14"
232,"-","https://skilledroofers.com/roofer/gga-roofing-gutter-guards-america-53075/","https://gutterguardsamerica.com/raleigh-north-carolina/",8,15,10,"visit website","2025-12-16","2026-03-19"
233,"-","https://homeupgradeinstalls.com/gutters/gutter-guard-installation-cost/","https://gutterguardsamerica.com/",8,14,1,"visit website","2024-05-23","2025-03-03"
234,"-","https://www.oneallratings.com/company/gga-roofing-gutters-nc-cornelius","https://gutterguardsamerica.com/",8,14,1,"https://gutterguardsamerica.com","2025-12-09","2026-04-07"
235,"-","https://nyaunga.xyz/ypoygom/knttlf/kfnbld/10980/dmkblt/4","https://gutterguardsamerica.com/",8,13,61,"nyaunga.xyz","2021-10-23","2021-10-23"
236,"Gutter Guards America Business Information for Morrisville, North Carolina - CityLocal Business","https://citylocal.business/business/Gutter_Guards_Alpharetta","https://gutterguardsamerica.com/alpharetta",8,13,21,"gutterguardsamerica.com","2025-10-01","2026-07-14"
237,"-","https://www.gtshelford.co.uk/author/admin/","https://gutterguardsamerica.com/",8,11,32,"gu","2024-01-01","2024-01-01"
238,"👲 Domain Report 👲","https://atomizelink.icu/report/32278","https://gutterguardsamerica.com/",7,22,4,"ggaroofing.com","2026-06-05","2026-06-05"
239,"👲 Domain Report 👲","https://byteshort.xyz/report/105912","https://gutterguardsamerica.com/",7,21,4,"ggasiding.com","2026-06-24","2026-08-14"
240,"2023排水沟守卫美国评论:排水沟守卫 - 金宝搏188下载","https://m.dianyuntex.com/gutter-guard/c/gutter-guards-america-review","https://install.gutterguardsamerica.com/consumersadvocate/",7,17,"-","https://install.gutterguardsamerica.com/consumersadvocate/","2023-06-14","2023-09-19"
241,"Exploring the Utility and Functionality of Online Metal Calculators – Guest Post","https://www.clivewagner.co.uk/exploring-the-utility-and-functionality-of-online-metal-calculators/","https://gutterguardsamerica.com/",7,15,45,"gu","2024-02-27","2024-02-27"
242,"-","https://www.miltonlea.co.uk/?currency=HUF","https://gutterguardsamerica.com/",7,14,10,"gu","2023-12-19","2024-01-08"
243,"-","https://pokeroad.xyz/music/mujhko-barsaat-bana-lo-cover-junooniyat.html","https://gutterguardsamerica.com/",7,13,72,"pokeroad.xyz","2021-12-22","2021-12-22"
244,"Gutter Guards America Business Information for Cornelius, North Carolina - CityLocal Exchange","https://citylocal.exchange/business/Gutter_Guards_Charlotte","https://gutterguardsamerica.com/charlotte-north-carolina/",7,13,20,"gutterguardsamerica.com","2023-11-01","2026-08-02"
245," Gutter Guards America | Roofing contractor | Morrisville | Safe Biz Listings ","https://safebizlistings.com/listings/384596/gutter-guards-america","https://gutterguardsamerica.com/",7,13,14,"gutterguardsamerica.com","2025-12-01","2026-04-07"
246,"最好11地沟公司Iredell诺曼湖,NC -今天的房主 - 万博体育最新下载软件","https://www.demonic-orphans.com/near-me/north-carolina/lake-norman-of-iredell/gutters/","https://gutterguardsamerica.com/charlotte-north-carolina/",7,12,48,"www.gutterguardsamerica.com","2023-09-23","2025-05-27"
247,"-","https://ysgolieuangwynedd.co.uk/author/admin/page/2/","https://gutterguardsamerica.com/",7,7,11,"gu","2024-01-06","2024-01-06"
248,"-","https://customerservicearhive.com/s-companies/s-and-s-gutter-guard-customer-service.html","https://www.gutterguardsamerica.com/reviews/",6,22,28,"reviews","2022-02-10","2022-02-10"
249,"anders | Content Creators | Video Streaming Sites | Online Free - Pangram","https://pangram.city/videos/category/other?lang=dutch","https://gutterguardsamerica.com/about/",6,14,7,"https://gutterguardsamerica.com/our-company/","2023-08-31","2025-03-13"
250,"Where to buy 🚀 aged domains and backlinks 🔥 from www.alltopleveldomains.space| 4976-1542","https://www.alltopleveldomains.space/page-49ccb7b61ceb5f42eea7ffed05f4fe53.html","https://gutterguardsamerica.com/dublin-ohio/",6,13,11,"gutterguardsohio.com","2026-04-03","2026-04-03"
251,"How to Install Gutters and Downspouts: DIY Guide - Haileys Pro Services","https://haileysproservices.com/how-to-install-gutters-and-downspouts-diy-guide/","https://gutterguardsamerica.com/top-advantages-of-choosing-seamless-aluminum-gutters-for-your-home/",6,12,1,"seamless aluminum gutters","2024-12-07","2026-07-02"
252,"Businesses in North Carolina - CityLocal Directory","https://citylocal.directory/search?state=NC","https://gutterguardsamerica.com/charlotte-north-carolina/",6,12,20,"gutterguardsamerica.com","2023-09-29","2026-07-15"
253,"-","https://headquartersdirectory.com/g-companies/gutterguard-llc-headquarters.html","https://www.gutterguardsamerica.com/locations/",5,20,7,"locations gutter guards america gutter guards america","2022-04-03","2022-04-03"
254,"-","https://www.constructionz.info/taylor-construction-gutter-guard/","https://install.gutterguardsamerica.com/",5,20,87,"go now","2022-01-13","2022-01-20"
255,"Uncategorized – Business","https://www.cambridgeintensivedriving.co.uk/category/uncategorized/","https://gutterguardsamerica.com/",5,16,9,"gu","2024-01-08","2024-01-08"
256,"-","https://expertlabreviews.com/goto.php?url=aHR0cHM6Ly93d3cuZ3V0dGVyZ3VhcmRzYW1lcmljYS5jb20vb3VyLXByb2R1Y3Qv","https://www.gutterguardsamerica.com/our-product/",5,13,9,"-","2022-02-04","2022-02-04"
257,"Gutter Guards America Business Information for Morrisville, North Carolina - CityLocal Expert","https://citylocal.expert/business/Gutter_Guards_Alpharetta","https://gutterguardsamerica.com/alpharetta",5,13,22,"gutterguardsamerica.com","2025-10-03","2026-07-19"
258,"-","https://citylocal.market/business/Gutter_Guards_Raleigh","https://gutterguardsamerica.com/raleigh-north-carolina/",5,12,21,"gutterguardsamerica.com","2023-11-05","2026-04-18"
259,"-","https://brianpickering.co.uk/author/admin/","https://gutterguardsamerica.com/",5,12,31,"gu","2023-12-20","2023-12-20"
260,"-","https://gutterguardsohio.com/","https://gutterguardsamerica.com/dublin-ohio/",4,20,"-","-","2024-12-28","2025-03-31"
261,"Directory Pages Index","https://factmags.com/hdjsqseo/krlicsw-best-seo-service/","https://gutterguardsamerica.com/",4,19,28,"https://ggaroofing.com/","2026-03-15","2026-08-14"
262,"Gutter Guards America Coupons & Discount Codes December 2025","https://www.promosreview.com/store/GutterGuardsAmerica-coupon-codes","https://gutterguardsamerica.com/",4,14,7,"here","2024-11-06","2025-12-08"
263,"-","https://bestroofershub.com/north-carolina/morrisville/gga-roofing-%26-gutters-662e6ed70c3dc82fea9d23fb","https://gutterguardsamerica.com/raleigh-north-carolina/",4,14,5,"gutterguardsamerica.com","2025-04-17","2025-06-04"
264,"Gutter Guards America promo codes, coupons & discounts  June 2026","https://promocodeseek.com/store/gutterguardsamerica.com/","https://gutterguardsamerica.com/",4,13,4,"gutterguardsamerica.com coupons or promo codes","2025-01-13","2026-06-17"
265,"-","https://www.ashmurvilla.info/search/2016/?q=Www+minecraft+forge+net+forum","https://gutterguardsamerica.com/",4,12,84,"gu","2023-12-07","2023-12-07"
266,"Install Gutter Guards Today - Plug Into Now","https://plugintonow.com/install-gutter-guards/","https://gutterguardsamerica.com/",4,11,1,"gutter guards america","2025-05-30","2026-07-06"
267,"GGA Roofing & Gutters Reviews | Roofmyspace","https://roofmyspace.com/company/gga-roofing-gutters/oh-dublin","https://gutterguardsamerica.com/",4,8,6,"gutterguardsamerica.com","2026-05-10","2026-05-10"
268,"🏆🏆Boost your Google rankings with Premium PBN & Link Building🏆🏆","https://royaldb.us.com/all/1265/15.html","https://gutterguardsamerica.com/",4,6,"-","high quality dofollow backlinks da 50 pa 40 premium pbn network service gutterguardsamerica.com rank first page google fast seo link building buy backlinks online cheap","2026-08-17","2026-08-17"
269,"-","https://www.damzmedia.com/","https://install.gutterguardsamerica.com/",4,6,7,"view live lp","2024-02-01","2024-05-08"
270,"-","https://www.mueeza.com/local-services/north-carolina/salisbury/gutter-service","https://www.gutterguardsamerica.com/",3,12,48,"视图页面","2023-05-25","2023-05-25"
271,"Where to buy 🚀 aged domains and backlinks 🔥 from www.theface.in| 4976-1542","https://www.theface.in/page-49ccb7b61ceb5f42eea7ffed05f4fe53.html","https://gutterguardsamerica.com/dublin-ohio/",3,11,55,"gutterguardsohio.com","2026-04-06","2026-07-07"
272,"-","https://gutterguardscincinnati.com/","https://gutterguardsamerica.com/cincinnati-ohio/",3,10,"-","-","2024-12-28","2025-04-01"
273,"🏆🏆Boost your Google rankings with Premium PBN & Link Building🏆🏆","https://nivira.shop/all/601/21.html","https://gutterguardsamerica.com/",3,8,"-","high quality dofollow backlinks da 50 pa 40 premium pbn network service gutterguardsamerica.com rank first page google fast seo link building buy backlinks online cheap","2026-07-08","2026-07-08"
274,"-","https://greatmasters.biz/blog/aHR0cHMlM0ElMkYlMkZwYXRyaWNrZmxvcmVuY2VrMmphLndlYi5hcHAlMkZqayUyRmFsbC1hbWVyaWNhbi1ndXR0ZXItcHJvdGVjdGlvbi1sbGMuaHRtbA==","https://www.gutterguardsamerica.com/wp-content/uploads/2020/04/bbb-logo-1-e1587947511453.png",3,5,"-","gutter guards america clog free gutter protection","2022-04-16","2022-04-16"
275,"-","https://tous-les-drivers.info/comprehensive-dentist-marketing-strategies-for-top-google-rankings/","https://gutterguardsamerica.com/",2,24,33,"gu","2023-12-21","2023-12-21"
276,"-","https://gutterguardsgeorgia.com/","https://gutterguardsamerica.com/atlanta-georgia/",2,18,"-","-","2024-01-19","2025-02-11"
277,"See Contractor Gutter Guards America in Dublin, Ohio","https://www.perfecthomepros.com/dublin-oh/gutter-guards-america","https://www.gutterguardsamerica.com/",2,17,3,"visit website","2022-09-10","2026-07-02"
278,"-","https://getgga.com/","https://gutterguardsamerica.com/",2,16,"-","-","2024-03-26","2025-12-30"
279,"-","https://www.portlandrewards.co.uk/author/admin/","https://gutterguardsamerica.com/",2,10,18,"gu","2024-01-03","2024-01-03"
280,"Where to buy 🚀 aged domains and backlinks 🔥 from www.webworthchecker.cv| 4976-1542","https://www.webworthchecker.cv/page-49ccb7b61ceb5f42eea7ffed05f4fe53.html","https://gutterguardsamerica.com/dublin-ohio/",2,10,"-","gutterguardsohio.com","2026-06-09","2026-06-09"
281,"-","https://gutterguardscarolinas.com/","https://gutterguardsamerica.com/locations/",2,10,"-","-","2024-11-11","2025-05-20"
282,"地沟守卫美国评论(2023) - 金博宝手机版下载官网","https://www.air-2-port.com/www/local-services/new-jersey/teaneck/gutter-guards","https://gutterguardsamerica.com/",2,8,75,"估计门户","2023-08-14","2023-08-14"
283,"-","https://getggaroof.com/","https://gutterguardsamerica.com/",1,16,"-","-","2025-11-16","2026-02-22"
284,"GGA Roofing | Gutter Guards America - Gutter cleaning service in Cornelius, North Carolina | Blynt","https://getblynt.com/biz/gga-roofing-gutter-guards-america-bailey-rd-cornelius","https://gutterguardsamerica.com/charlotte-north-carolina/",1,6,21,"website","2025-01-11","2025-05-27"
285,"水槽守卫美国评论:成本和产品指南(2022) - 18新利在线官网登录","https://m.indialandmarks.com/gutters/gutter-guards-america-review/","https://gutterguardsamerica.com/",1,5,58,"估计门户","2022-10-29","2023-05-06"
286,"Arrow Gutters Dublin Ohio","https://edulisanywherea1.firebaseapp.com/a1/arrow-gutters-dublin-ohio.html","https://www.gutterguardsamerica.com/wp-content/uploads/2019/09/Arrow_Home_Image7-2.jpg",1,1,23,"gutter guards america clog free gutter protection","2025-06-24","2026-05-18"
