Name,Customer #,Tracking Source,Call Status,Search Query,Referral,Page,Last URL,Likelihood,Message Body,Duration,Ring Time,Talk Time,Street,City,State,Postal Code,Country,Day,Hour of Day,Date,Time,Tracking # Label,Tracking #,Tags,Notes,Audio Wav,Audio MP3,User Accessed Recording,Summary,campaign,source,medium,keyword,ad_match_type,ad_content,ad_slot,ad_slot_position,ad_network,creative_id,ad_group_id,adgroup_id,campaign_id,ad_format,ad_targeting_type,ad_placement,CSR Name,CSR Call Score,CSR Conversion,CSR Value,Menu KeyPress,Visitor IP,Google Click ID,Google UID,MS Click ID,Experiments,Variations,VWO Experiments,VWO Variations,Unbounce Variant,Agent,Direction,Email,Gender,Name Type,Phone Type,Carrier,Call Path,Browser,Device,Mobile,Transcription,Source Tag,Custom Variables,Account Id,Account Name,CallId,Blocked,Visitor SID,FormCustomFields,Form Name,Keyword Spotting,extended_lookup.age,extended_lookup.education,extended_lookup.home_owner_status,extended_lookup.length_of_residence,extended_lookup.household_income,extended_lookup.marital_status,extended_lookup.market_value,extended_lookup.occupation,extended_lookup.presence_of_children,extended_lookup.facebook,extended_lookup.linkedin,extended_lookup.twitter,Receiving Number,First Transfer Point,All Transfer Points
PATRICIA ABELA,(646) 483-0952,Website,answered,"","","",,,,00:06:47,00:00:59,00:05:46,,New York,NY,07730,US,Friday,12,2026-09-04,12:56:56 PM,MasterShield.com / FB,(844) 230-4551,"",,https://app.calltrackingmetrics.com/api/v1/accounts/152131/calls/CAa1f75a5870b6933fc54abdf515527e52/recording,https://app.calltrackingmetrics.com/api/v1/accounts/152131/calls/CAa1f75a5870b6933fc54abdf515527e52/recording.mp3,"","Patricia Abela called regarding a gutter clog causing water to collect on the first step of her home at 9 Gibson Drive, Hazlet, NJ 07730. The agent created a customer profile and scheduled a free gutter consultation for Wednesday, September 9, at 10:00 AM. The agent said an email would be sent with the assigned representative’s name and photo.",,,,,,,,,,,,,,,,,"","","","",1| 07730,,,152131.4467332741,,,,,,,,inbound,,,,,,"MasterShield Dealer Zip Codes:07730|WindowRama Enterprises, Inc. (WindowRama Enterprises, Inc.) (631) 291-4333|Google Ads|MGP Google Analytics Event Trigger",,,,"WindowRama Enterprises, Inc.: I'm much more contacting Linda Rama. You're speaking with Zion on a recorded line. How may I assist you today?
PATRICIA ABELA: Hi. I'm calling about our MasterShield installation that was completed with or I mean, in 09/15/2015. And I'd like to talk to somebody about maybe coming out because we seem to be having a clog that's producing water on our first step.
WindowRama Enterprises, Inc.: Quad producing modern first step. Alright. No problem. I have to go ahead and create a new profile for you. Is this the best phone number, the one that you called in? And is this for cell?
PATRICIA ABELA: Yes. Pardon?
WindowRama Enterprises, Inc.: Cell phone or home phone?
PATRICIA ABELA: No. It's a cell phone.
WindowRama Enterprises, Inc.: Alright. Could you go ahead and confirm your full address including the city, state, and ZIP?
PATRICIA ABELA: Yeah. It's 9 Gibson, G I B S O N, Drive, Hazlett, H A Z L E T, New Jersey 07730.
WindowRama Enterprises, Inc.: 07730. Just to confirm, is this a single family home, mobile home, or condo?
PATRICIA ABELA: No. It's a single family.
WindowRama Enterprises, Inc.: Single family. Is it with HOA, homeowners association?
PATRICIA ABELA: No.
WindowRama Enterprises, Inc.: No? Okay. So we come by and take a look at the gutters for you, provide What's your first name and your last name, please?
PATRICIA ABELA: Okay. And first name is Joe, and the last name is Abela, a b e l
WindowRama Enterprises, Inc.: So that's a b e l k.
PATRICIA ABELA: a. Yeah. Abela.
WindowRama Enterprises, Inc.: Okay. What's your email?
PATRICIA ABELA: Sorry? I
WindowRama Enterprises, Inc.: Do you have a valid email address
PATRICIA ABELA: I
WindowRama Enterprises, Inc.: you'd like to provide us with?
PATRICIA ABELA: I'm I I just didn't get get that. Could you repeat it?
WindowRama Enterprises, Inc.: Am I any clearer now?
PATRICIA ABELA: Are you I'm still having difficulty understanding. What what's the
WindowRama Enterprises, Inc.: Hello?
PATRICIA ABELA: question? Yeah. Hello?
WindowRama Enterprises, Inc.: So I'm saying, do you have a valid email address you'd like to provide us with so we can send you key details when necessary in regards to the appointment?
PATRICIA ABELA: Yeah. Email address? Okay. It's k n this is all one word. Knightosmalta1950@gmail.com. So it's knightofmorta1950@gmail.
WindowRama Enterprises, Inc.: So night of so is it supposed to be after off, is it supposed to be n like Nancy or m like Mike? It's m.
PATRICIA ABELA: No. Like a like
WindowRama Enterprises, Inc.: At Mike.
PATRICIA ABELA: a knight. A medieval knight, k, n as in nickel, I g h
WindowRama Enterprises, Inc.: No.
PATRICIA ABELA: t.
WindowRama Enterprises, Inc.: No. I have
PATRICIA ABELA: What?
WindowRama Enterprises, Inc.: night off, but I'm trying to figure out. It's supposed to be Nai off Malta.
PATRICIA ABELA: Malta. Yeah. Like, the
WindowRama Enterprises, Inc.: Malta.
PATRICIA ABELA: country, you know, the island?
WindowRama Enterprises, Inc.: Okay. Yes.
PATRICIA ABELA: Night of Malta.
WindowRama Enterprises, Inc.: Okay. Okay. Because
PATRICIA ABELA: Nineteenth.
WindowRama Enterprises, Inc.: I heard n and not m, but it's now Malta. So I got
PATRICIA ABELA: Yeah.
WindowRama Enterprises, Inc.: it. 1950@gmail.com. Okay. No problem.
PATRICIA ABELA: Okay.
WindowRama Enterprises, Inc.: And you said the the home isn't with HOA. Right? No HOA?
PATRICIA ABELA: No. No HOA. It's a private family home.
WindowRama Enterprises, Inc.: Okay. What type of siding is on the home? Is it vinyl, socle, wood, aluminum?
PATRICIA ABELA: It's a woman of society.
WindowRama Enterprises, Inc.: Alright. So for the free consultation on the gutters, we can come by as soon as Tuesday. I do have a 10AM or a 2PM available.
PATRICIA ABELA: Tuesday, I think that's not good for me. I have a number of appointments on Tuesday.
WindowRama Enterprises, Inc.: Okay. We can do Wednesday through to Saturday, ten, two, or six, and all of those day days. So we can do Wednesday, Thursday, Friday, or Saturday, ten, two, or six.
PATRICIA ABELA: Alright. Hold on just a second.
WindowRama Enterprises, Inc.: Mhmm.
PATRICIA ABELA: I Wednesday
WindowRama Enterprises, Inc.: Fine.
PATRICIA ABELA: at ten is yeah. Wednesday at ten is good.
WindowRama Enterprises, Inc.: Wednesday at ten. Alright. That's the September 9.
PATRICIA ABELA: Yes.
WindowRama Enterprises, Inc.: Alright. Perfect. All scheduled for the September 9 at 10AM. As soon as someone is assigned to you, I'm gonna send you an email confirming their name and photo so you know exactly what to expect. Okay?
PATRICIA ABELA: Okay. Great. That's very good.
WindowRama Enterprises, Inc.: Alright.
PATRICIA ABELA: And
WindowRama Enterprises, Inc.: Definitely.
PATRICIA ABELA: your
WindowRama Enterprises, Inc.: You're speaking mhmm.
PATRICIA ABELA: your name?
WindowRama Enterprises, Inc.: My name is Sion.
PATRICIA ABELA: What was that?
WindowRama Enterprises, Inc.: My name is Sion.
PATRICIA ABELA: Spell it.
WindowRama Enterprises, Inc.: Sure. It's spelled s like Sierra, c like Charlie, I like indigo, o like Oscar, n like Nancy.
PATRICIA ABELA: Fine. Okay. Great. Thanks very much.
WindowRama Enterprises, Inc.: No problem. Definitely a pleasure speaking with you today in a recorded line. Take care.
PATRICIA ABELA: Say again?",,,152131,MGP Manufacturing LLC,4467332741,false,"","","","",,,,,,,,,,,,,"(WindowRama Enterprises, Inc.) (631) 291-4333","",""
Marty  SOUTHERLAND,(615) 618-2000,Website,completed,"","","",,,,00:03:44,00:03:44,00:00:00,"",Nashville,TN,37011,US,Friday,11,2026-09-04,11:41:00 AM,MasterShield.com / FB,(844) 230-4551,no dealer| ms calls| voicemail,"",https://app.calltrackingmetrics.com/api/v1/accounts/152131/calls/CA7970dd832327a73458a548db6bcb12d6/recording,https://app.calltrackingmetrics.com/api/v1/accounts/152131/calls/CA7970dd832327a73458a548db6bcb12d6/recording.mp3,"",,,,,,,,,,,,,,,,,,"","","","",2| 0000| 0000,,,152131.4467031064,,,,,,,,inbound,"",,,,,"MasterShield Dealer Zip Codes:0000|3. No MS Dealer, check other product dealers?:2|3. No MS Dealer, check other product dealers?:2|3. No MS Dealer, check other product dealers?:2|MGP Google Analytics Event Trigger",,,,,,,152131,MGP Manufacturing LLC,4467031064,false,"","","","",,,,,,,,,,,,,(973) 319-4417,"",""
LORI RIOS,(774) 249-3694,Website,answered,"","","",,,,00:05:16,00:00:51,00:04:22,,Marlboro,MA,12070,US,Friday,09,2026-09-04,09:26:21 AM,MasterShield.com,(877) 532-3627,"",,https://app.calltrackingmetrics.com/api/v1/accounts/152131/calls/CAe044968751129723580fdf7c1cc50627/recording,https://app.calltrackingmetrics.com/api/v1/accounts/152131/calls/CAe044968751129723580fdf7c1cc50627/recording.mp3,"","Dave called to confirm that Vista Home Improvement installs both gutters and gutter guards, and that the representative can provide pricing for new gutters at their secondary residence in Fort Johnson, New York. The appointment was confirmed for the eighth at 2:00 PM, with the representative meeting Laurie; Vista will call Saturday to reconfirm.",,,,,,,,,,,,,,,,,"","","","",1| 12070,,,152131.4466565575,,,,,,,,inbound,,,,,,MasterShield Dealer Zip Codes:12070|Vista Home Improvement (Vista Home Improvement) (413) 382-0249|Google Ads|MGP Google Analytics Event Trigger,,,,"Vista Home Improvement: Your call may be monitored or recorded for quality or training purposes. To schedule a free estimate, press 1. For production, press 2. For the A great day here at Vista Home Improvement. All calls are recorded for quality and training. My name is Danielle. How may I help you?
LORI RIOS: Hi. This is Dave calling. We have a appointment scheduled for next Tuesday, I think, to come out to our house in Fort Johnson, New York. I was calling
Vista Home Improvement: Yes.
LORI RIOS: to see if in addition to the gutter guards, you also install gutters themselves.
Vista Home Improvement: I'm sorry. If we if we what?
LORI RIOS: Do you install gutters
Vista Home Improvement: Do you install
LORI RIOS: or only
Vista Home Improvement: both?
LORI RIOS: the gutter guards?
Vista Home Improvement: Yeah. We install both.
LORI RIOS: You do? Okay. Alright. So the person who comes out because we have no gutters on the house right now. They'll be able to talk to us about gutters and give us a price for that as well.
Vista Home Improvement: Yes.
LORI RIOS: Okay. And are you so are you a local company in the Amsterdam area or how I'm
Vista Home Improvement: Yeah.
LORI RIOS: trying
Vista Home Improvement: So
LORI RIOS: to understand.
Vista Home Improvement: we have a, like, a office in Albany, New York, but then we have warehouses all over New York, so we're able to service all of New York. So we are local to you.
LORI RIOS: And so do you do you use, like, the local gutter companies to do the work, or is there
Vista Home Improvement: We're the contractor?
LORI RIOS: specific where and who is we? Are you MasterShield? Or
Vista Home Improvement: No. So we have our own installers that we've been
LORI RIOS: is
Vista Home Improvement: using for years. So we have we are the installer.
LORI RIOS: okay. And who exactly
Vista Home Improvement: Okay.
LORI RIOS: are you?
Vista Home Improvement: What do you mean? Vista Home Improvement.
LORI RIOS: I'm sorry. What is it?
Vista Home Improvement: I'm sorry. What is this? Vista Home Improvement.
LORI RIOS: Vista Home Improvement?
Vista Home Improvement: Did
LORI RIOS: Okay.
Vista Home Improvement: it come in, please? Yes.
LORI RIOS: Alright. Okay.
Vista Home Improvement: Okay. Okay.
LORI RIOS: Alright. Okay. So
Vista Home Improvement: Did
LORI RIOS: someone should be
Vista Home Improvement: did that day still work for you? Because I did have you on here tentatively because you said that you might be coming down here. So I did have you in here tentatively. So does the eighth at 10AM work?
LORI RIOS: Yes. That will that will work.
Vista Home Improvement: Okay. And will we just meeting be meeting with Laurie? Or
LORI RIOS: Yes.
Vista Home Improvement: okay.
LORI RIOS: And there it is. And I don't know if it's possible to come a little bit later in the morning, or is 10:00 the best time?
Vista Home Improvement: So let me see what date this is set for the eighth. So let me just see here what we have for the eighth. I have 2PM.
LORI RIOS: 2PM also.
Vista Home Improvement: 2PM. Okay.
LORI RIOS: Okay.
Vista Home Improvement: That actually might
LORI RIOS: What?
Vista Home Improvement: work better because the schedule got filled up over the last week because I have this
LORI RIOS: Mhmm.
Vista Home Improvement: in there tentatively and not
LORI RIOS: Okay.
Vista Home Improvement: on the actual schedule.
LORI RIOS: Okay.
Vista Home Improvement: Okay.
LORI RIOS: Alright. So why don't we
Vista Home Improvement: Alright.
LORI RIOS: say 2PM
Vista Home Improvement: Okay. And then I just wanted to make sure, this is, like, a secondary residence that you
LORI RIOS: then?
Vista Home Improvement: guys come down
LORI RIOS: Yes. That's correct.
Vista Home Improvement: to? Yes. Okay. And then we're just meeting with her because you are over where you guys currently live.
LORI RIOS: Yep.
Vista Home Improvement: Correct?
LORI RIOS: Yes.
Vista Home Improvement: Yes. Okay. Alright. So I will notate that all here. So I will, get you on the schedule for the eighth at 2PM, and then you're gonna get a call on Saturday to confirm this day and time still works for you. So I would
LORI RIOS: Okay.
Vista Home Improvement: just need to need to hear back from you briefly in order to have the representative sent out.
LORI RIOS: Okay. Alright.
Vista Home Improvement: Okay?
LORI RIOS: That sounds fine.
Vista Home Improvement: Alright. So we look forward to meeting with her on the
LORI RIOS: Okay. Sounds good.
Vista Home Improvement: eighth.
LORI RIOS: Thanks.
Vista Home Improvement: Alright. Thank you so much. Have a good day.
LORI RIOS: Alright. You too. Bye.
Vista Home Improvement: Bye bye.",,,152131,MGP Manufacturing LLC,4466565575,false,"","","","",,,,,,,,,,,,,(Vista Home Improvement) (413) 382-0249,"",""
BETTY LORCH,(815) 651-5855,Website,answered,"","","",,,,00:03:10,00:00:57,00:02:11,,Joliet,IL,60435,US,Thursday,17,2026-09-03,05:23:37 PM,MasterShield.com / FB,(844) 230-4551,"","",https://app.calltrackingmetrics.com/api/v1/accounts/152131/calls/CAd22586ace74d5cf747ab99b3852cb589/recording,https://app.calltrackingmetrics.com/api/v1/accounts/152131/calls/CAd22586ace74d5cf747ab99b3852cb589/recording.mp3,"","Betty Lorch asked how to address a warranty issue with her MasterShield gutters, which were installed in 2013 and are now blocking. Pamela explained that American Construction only installs new gutters and does not handle warranty work, then provided the manufacturer contact Aaron Kapfer at (973) 319-4410.",,,,,,,,,,,,,,,,,"","","","",1| 60435,,,152131.4465848176,,,,,,,,inbound,,,,,,MasterShield Dealer Zip Codes:60435|Americanstruction Inc. (Americanstruction Inc.) (815) 469-4960|Google Ads|MGP Google Analytics Event Trigger,,,,"Americanstruction Inc.: American Construction. Pamela speaking.
BETTY LORCH: Yeah. Is this MasterShield company?
Americanstruction Inc.: Ma'am, we we do we are a distributor for Clean Gutters, which is made by MasterShield.
BETTY LORCH: Okay. If I I had MasterShield gutters installed in 2013, and they had a lifetime guarantee that they wouldn't block and they're blocking, who do I reach to come out and have this dealt with?
Americanstruction Inc.: You've gotta contact the company itself. We just install new. We don't do any of
BETTY LORCH: Okay.
Americanstruction Inc.: their warranty work. So,
BETTY LORCH: Okay.
Americanstruction Inc.: LLC me give you the name and number of who you should call. And it's MasterShield. It's it's the company direct, the the
BETTY LORCH: Okay.
Americanstruction Inc.: people
BETTY LORCH: Okay.
Americanstruction Inc.: who who are directly responsible, you know, who manufacture it. You're calling basically
BETTY LORCH: Okay.
Americanstruction Inc.: the manufacturer. Okay. So you wanna reach out to a gentleman named Aaron, a a r o n, Kapfer, k a p f e r,
BETTY LORCH: K or c?
Americanstruction Inc.: k as in kite, a p
BETTY LORCH: Okay.
Americanstruction Inc.: f e r, and his phone number is (973) 319-4410.
BETTY LORCH: Okay. (973) 319-4410.
Americanstruction Inc.: That's correct.
BETTY LORCH: Okay. Thank you.
Americanstruction Inc.: Thank you.",,,152131,MGP Manufacturing LLC,4465848176,false,"","","","",,,,,,,,,,,,,(Americanstruction Inc.) (815) 469-4960,"",""
BETTY LORCH,(815) 651-5855,Website,answered,"","","",,,,00:05:56,00:00:57,00:04:57,,Joliet,IL,60435,US,Thursday,17,2026-09-03,05:17:20 PM,MasterShield.com / FB,(844) 230-4551,"","",https://app.calltrackingmetrics.com/api/v1/accounts/152131/calls/CA587d8087cc4c3b0d9a62512511471770/recording,https://app.calltrackingmetrics.com/api/v1/accounts/152131/calls/CA587d8087cc4c3b0d9a62512511471770/recording.mp3,"2026-09-03 05:27:53 PM: aaron@gutter-guards.com
","Betty Lorch called about plugged MasterShield gutter guards installed in 2013, causing water to overflow from the southwest corner of her home. The agent clarified that American Construction is not the manufacturer and provided MasterShield’s phone number, 844-230-4551, for warranty assistance.",,,,,,,,,,,,,,,,,"","","","",1| 60435,,,152131.4465827461,,,,,,,,inbound,,,,,,MasterShield Dealer Zip Codes:60435|Americanstruction Inc. (Americanstruction Inc.) (815) 469-4960|Google Ads|MGP Google Analytics Event Trigger,,,,"Americanstruction Inc.: American Construction. This is Sam.
BETTY LORCH: Yes. Sam, Betty Lorch here. I have installed your gutter guards, and I have the warranty and the receipt and all the information. The it's plugged. It's plugged. Water is running over the top from the south west corner of my house.
Americanstruction Inc.: Okay. One moment here. And you said your name was Betty?
BETTY LORCH: Betty Lortch, l o r c h. I had these installed on 03/19/2013, but in oh, let's see. And oh, I have the date here. I have the house painted in 2023, and the guy took down all the downspouts so he could paint behind them, and they were all plugged. So I even wonder if these were installed.
Americanstruction Inc.: Betty, can can you please share your address with me?
BETTY LORCH: 8610 Douglas Street, Joliet, Illinois.
Americanstruction Inc.: Are are you sure this this is the right company, American American Construction?
BETTY LORCH: These are MasterShield Gutter Guards,
Americanstruction Inc.: Yeah.
BETTY LORCH: and I I had them put up by Preferred Shield and Company, which is no longer in business. But I am looking for the manufacturer of these guards because they promised a life time protection on plugged gutters.
Americanstruction Inc.: Okay. Have you reached out to the manufacturer at all, Betty?
BETTY LORCH: I thought that's what this number was.
Americanstruction Inc.: No. So so our number we we are a roofing company. We're we're a contractor. So we do roofs, gutters, downspouts. We do install gutter guards as well, but we're we are not the manufacturer. So
BETTY LORCH: Okay. You are
Americanstruction Inc.: what
BETTY LORCH: not MasterShield?
Americanstruction Inc.: no. No. So what what I can do maybe is find you the the the number for MasterShield
BETTY LORCH: Okay.
Americanstruction Inc.: and then give that to you, and then you could reach out to them directly.
BETTY LORCH: Okay. Okay. That would be fine.
Americanstruction Inc.: Okay. Are you ready for that number?
BETTY LORCH: Yes, please.
Americanstruction Inc.: Okay. That is 8442304551.
BETTY LORCH: Okay. Let me repeat it and make sure I got it right.
Americanstruction Inc.: Yep.
BETTY LORCH: (844) 230-4551.
Americanstruction Inc.: Correct.
BETTY LORCH: Okay. Thank
Americanstruction Inc.: So,
BETTY LORCH: you very much.
Americanstruction Inc.: yeah, yeah, no no problem at all. And then if you wanted to go on their website as well, I know they have some sort of, like, warranty information on there. And
BETTY LORCH: Yes.
Americanstruction Inc.: and and I would just call someone, and then that way you could kinda explain what's going on, and I'm sure there's a
BETTY LORCH: Yes.
Americanstruction Inc.: process to to get that resolved for you.
BETTY LORCH: Okay. Thank you.
Americanstruction Inc.: Yeah. No problem at all. Okay.
BETTY LORCH: Okay.
Americanstruction Inc.: Bye bye.
BETTY LORCH: Bye bye.",,,152131,MGP Manufacturing LLC,4465827461,false,"","","","",,,,,,,,,,,,,(Americanstruction Inc.) (815) 469-4960,"",""
MATTHEW GRIFFIN,(267) 918-2217,Website,answered,"","","",,,,00:12:57,00:00:52,00:12:05,,Ft Wash,PA,19047,US,Thursday,10,2026-09-03,10:51:22 AM,MasterShield.com / FB,(844) 230-4551,"",,https://app.calltrackingmetrics.com/api/v1/accounts/152131/calls/CA1d0ceb32f0cf6ac497e7d0e0c051f3a7/recording,https://app.calltrackingmetrics.com/api/v1/accounts/152131/calls/CA1d0ceb32f0cf6ac497e7d0e0c051f3a7/recording.mp3,"","Matthew Griffin called to request an estimate for whole-home MasterShield gutter protection; his gutters are clogged and overflowing, especially near a honey locust tree, but he has no existing gutter guards. A free gutter protection consultation was scheduled for tomorrow at 1:00 PM, and a separate free gutter repair inspection was scheduled for Wednesday, September 9, between 12:00 and 5:00 PM. He declined a separate gutter-cleaning appointment for now.",,,,,,,,,,,,,,,,,"","","","",1| 19047,,,152131.4464193568,,,,,,,,inbound,,,,,,"MasterShield Dealer Zip Codes:19047|PJ Fitzpatrick, Inc. (PJ Fitzpatrick, Inc.) (877) 368-0298|Google Ads|MGP Google Analytics Event Trigger",,,,"PJ Fitzpatrick, Inc.: We are making life better one home at a time. Your call is very important to us. All calls are recorded to ensure customer satisfaction. Thanks for call It's a great day at PJ Fitzpatrick. My name is Dasia. How may I help you?
MATTHEW GRIFFIN: Okay. I was interested in getting a estimate on MasterShield gutter protection cards.
PJ Fitzpatrick, Inc.: Alright. And I'd be more than happy to help you out. I just had a few quick questions just to ensure we are able to assist you. Starting off with what is your name?
MATTHEW GRIFFIN: Matt Griffin?
PJ Fitzpatrick, Inc.: And what is your address?
MATTHEW GRIFFIN: 122 Fairway Drive. That's Langhorne, PA.
PJ Fitzpatrick, Inc.: Alright. And then you said 122 Fairway Drive?
MATTHEW GRIFFIN: Yes.
PJ Fitzpatrick, Inc.: And what was that ZIP code?
MATTHEW GRIFFIN: 19047?
PJ Fitzpatrick, Inc.: 5047. And you said that was in Langhorne. Alright. And may I get a good email address for you?
MATTHEW GRIFFIN: Sure. Matt, m a t t, and then sasinScott,griffin,griffin,@gmail.com.
PJ Fitzpatrick, Inc.: @gmail.com?
MATTHEW GRIFFIN: Yeah. Gmail dot com.
PJ Fitzpatrick, Inc.: Alrighty. Now is this a a single family home, townhome, or condo?
MATTHEW GRIFFIN: Single family.
PJ Fitzpatrick, Inc.: And then is this your primary residence, rental, or
MATTHEW GRIFFIN: Yes.
PJ Fitzpatrick, Inc.: investment property? Okay.
MATTHEW GRIFFIN: Primary.
PJ Fitzpatrick, Inc.: And would you happen to know what year your property was built?
MATTHEW GRIFFIN: I believe it's '96 or '97, I think.
PJ Fitzpatrick, Inc.: And is your roof flat or pitched?
MATTHEW GRIFFIN: It's pitched.
PJ Fitzpatrick, Inc.: Do you know how old your current gutter protection is?
MATTHEW GRIFFIN: Oh, we don't have any gutter protection, which is why I need some. They're
PJ Fitzpatrick, Inc.: Gotcha.
MATTHEW GRIFFIN: clogged,
PJ Fitzpatrick, Inc.: Understandable.
MATTHEW GRIFFIN: so they need to be cleaned and and need protection. So
PJ Fitzpatrick, Inc.: Alright. So are you having regular issues with the overflow?
MATTHEW GRIFFIN: Oh, yeah. All my gutters are clogged. I've you know, I tried cleaning them out, but there's they're pretty high, so I can't get to the ones up high. And then there's we have a honey locust tree out front right over our garage, so that gets clogged very quick.
PJ Fitzpatrick, Inc.: Gotcha. Gotcha. Alright. And then would this be for the whole home?
MATTHEW GRIFFIN: Ideally, yes.
PJ Fitzpatrick, Inc.: Okay. Whole home. And we also do gutter cleanings as well.
MATTHEW GRIFFIN: Yeah. I figured that I'd probably have the gutter cleaning done whenever they do, you know, whenever they install it.
PJ Fitzpatrick, Inc.: Gotcha. Alright. So what's gonna happen is one of our product specialists, they just need to see and inspect, you know, your, gutters just to find out, you know, what you need or what you want.
MATTHEW GRIFFIN: Of course.
PJ Fitzpatrick, Inc.: They'll go ahead and take measurements, show you actual pictures of the, gutter protection, and show you exactly how it's gonna be installed.
MATTHEW GRIFFIN: Mhmm.
PJ Fitzpatrick, Inc.: Now assuming you like what you see, they're gonna go ahead and take their measurements, give you a price right to the penny. Best part is that price is gonna be guaranteed for one full year. So just in order to do that, we would just ask two simple things. I just need two simple things. One for you to set aside sixty minutes, and then the next, just to meet with all owners of the property. So then that's you, and then for most people, that's either a spouse, partner, or a family member. In your case, who would that be?
MATTHEW GRIFFIN: That would be my wife, but she would not be able to be there because she works during the day. So
PJ Fitzpatrick, Inc.: Alright. We do have evening appointments and weekend appointments.
MATTHEW GRIFFIN: We have two kids, so it's easier for me to just do it and then let her give her the updates. You know?
PJ Fitzpatrick, Inc.: Yeah. No. I definitely understand that. Let me see. Because we will be going over your, you know, your installation options, design consultations to determine, you know, your wants and needs, and, plus, we'll be going over your warranties and financing.
MATTHEW GRIFFIN: Mhmm. Perfect.
PJ Fitzpatrick, Inc.: Alright. Give me one second. I have something as soon as, today at 5PM.
MATTHEW GRIFFIN: That will not work. I prefer during the day.
PJ Fitzpatrick, Inc.: I have Friday, so tomorrow at 9AM.
MATTHEW GRIFFIN: A little later than that. I I'm just getting home from dropping my kids off at daycare at 9AM. So ten?
PJ Fitzpatrick, Inc.: Gotcha.
MATTHEW GRIFFIN: Do you have ten?
PJ Fitzpatrick, Inc.: I have a 1PM.
MATTHEW GRIFFIN: Oh, 1PM. Let me just double check my work schedule for tomorrow. Yeah. That works.
PJ Fitzpatrick, Inc.: Alright. Third time's the charm. So I got you all set and scheduled for tomorrow, so we can count on seeing you at 1PM tomorrow. The presentation of your free estimate just will be audio recorded for quality and training purposes. If you have any pets that don't interact well with new people, please just put them up in a safe space during that appointment. Other than that, I got you all set and scheduled. So no matter what you decide to do, I'm sure you'll be glad we came out for that visit. Oh, and, I'm gonna go ahead and confirm this appointment now. So then the next form of communication you'll receive from us would just be the home improvement specialist letting you know that they are en route to your property. And did you want me to go ahead and get you set up with a, a gutter cleaning, appointment? Because that is a separate appointment.
MATTHEW GRIFFIN: No. Not yet. Because I wanna make sure, you know, I'm when whatever I the decision we go with for gutter guards, I'll have it done whenever they install it. You know?
PJ Fitzpatrick, Inc.: Okay. Because we do offer repairs as well to the gutters since I know you did say, like, you know, the overflowing and everything like that. And let me just go ahead and double check something. So right now, in your area, normally, we would have, like, a one time service fee, but we are waiving that, we are waiving that service fee. So, essentially, like, you know, the difference between the repair and the replacement is for the repair, an expert will come out and do a full inspection and give you your options and determine what needs to be done just in case, you know, to let you know, you know, if you wanted to get it repaired, what that would look like for you, or, you know, if something needed to be full blown replaced. Again, they'll give you the those options, and you wouldn't be charged a fee to get that looked
MATTHEW GRIFFIN: Yeah.
PJ Fitzpatrick, Inc.: at for
MATTHEW GRIFFIN: Yeah.
PJ Fitzpatrick, Inc.: you.
MATTHEW GRIFFIN: I I I figured, you know, if there's any repairs need to be done, you know, when they put the guards in, they would, you know, take care of that, you know, when they do that. So but, yeah, we can we can talk about that and, I guess, see see what's needed. I don't know what's what's needed. You know? I mean, the gutter's looking pretty good shape other than being clogged. So but you never know once
PJ Fitzpatrick, Inc.: Mhmm.
MATTHEW GRIFFIN: you get up there.
PJ Fitzpatrick, Inc.: Yeah. Yeah. No. I got I gotcha. I gotcha. Did you want me to set you up for a repair appointment?
MATTHEW GRIFFIN: Yeah. If it's free, I mean, if they wanna take a look, you know, because I don't know what the if they'll need to do repairs when they do the guards. So, I mean, I I don't know if I should
PJ Fitzpatrick, Inc.: Gotcha.
MATTHEW GRIFFIN: do the guards first and let them determine if I need a repair appointment or or what.
PJ Fitzpatrick, Inc.: So the beauty of the repair appointment, again, you know, they'll give you your options. So, again, it is your house. So, you know, you'll
MATTHEW GRIFFIN: Mhmm.
PJ Fitzpatrick, Inc.: be able to figure out what the what needs to be done in regards to the gutters. Like you said, you know, if your gutters are in pretty good shape, they'll let you know, hey. They're in good shape. They probably just either, a, need a cleaning or, you know, you can definitely benefit from, you know, having that gutter protection being added. And then, you know, with that, you already have, you know, your gutter protection appointment, you know, on there. So it's not like, you know, you'll have to add that or anything like that. Now I do know it would be a a separate date, and I'm just looking at the schedule right now. It would be a it would be the ninth I would have, and that'll be between the hours of twelve and five.
MATTHEW GRIFFIN: And you said that's a free appointment?
PJ Fitzpatrick, Inc.: Correct.
MATTHEW GRIFFIN: Alright. Let me see. Ninth. Yeah. I can do I can do the morning again on the ninth. Again, after after nine
PJ Fitzpatrick, Inc.: Gotcha. Okay. So it
MATTHEW GRIFFIN: AM.
PJ Fitzpatrick, Inc.: would be between the hours of twelve and five. And on that day, they'll send you a text message. So it will have, you know, who's coming to your house, a live GPS link actually to show you how far away they are from your property so you can better gauge that time. I mean, if you want, I can see if I can find another day that, you know, is like, I have that Thursday, the tenth, between the hours of eight and twelve, if that will work a little bit better since that's between the
MATTHEW GRIFFIN: No.
PJ Fitzpatrick, Inc.: morning
MATTHEW GRIFFIN: That
PJ Fitzpatrick, Inc.: time.
MATTHEW GRIFFIN: that should be fine. That should be fine in the afternoon
PJ Fitzpatrick, Inc.: Keep
MATTHEW GRIFFIN: on Wednesday.
PJ Fitzpatrick, Inc.: the first one? Okay.
MATTHEW GRIFFIN: Yeah. That's
PJ Fitzpatrick, Inc.: Alright. And then,
MATTHEW GRIFFIN: fine. Alright. So
PJ Fitzpatrick, Inc.: again,
MATTHEW GRIFFIN: let me
PJ Fitzpatrick, Inc.: recap.
MATTHEW GRIFFIN: yeah. Yeah. Alright. So the first appointment was I'm I'm putting it in my phone right now. That was tomorrow at one.
PJ Fitzpatrick, Inc.: Yes,
MATTHEW GRIFFIN: Alright. LLC me put that one. Fuck.
PJ Fitzpatrick, Inc.: sir. And then
MATTHEW GRIFFIN: Got
PJ Fitzpatrick, Inc.: the
MATTHEW GRIFFIN: under.
PJ Fitzpatrick, Inc.: second one will be on the ninth between the hours of twelve and five. And just real briefly, for that one, we would just need two things up to sixty minutes, one homeowner present. Our repair expert comes in a truck with the intent to complete your repair that day. Not saying that they're gonna do it that day or anything like that. Of course, they're gonna go talk over with you, let you know what needs to be done and everything like that. And like I was mentioning earlier, we have a $65 one time service fee, but that fee is waived once you proceed with the repair. But great news in your area, we are waiving that one time service fee. So we'll send you a confirmation text forty eight hours before your appointment to the number that, we have on file, and then the repair inspection just will be audio recorded and quality for quality and training purposes. And then if you had any pets that don't interact well with new people, just to please put them up in a safe space during that appointment. So, again, I got you all set for, you know, both of those appointments. Just, again, it because it is your home, and I wanna have you in the best, you know, position possible, especially with all that overflowing and everything like that so you can, you know, better gauge your decision and, you know, figure out what, you know, meets your needs specifically for your home.
MATTHEW GRIFFIN: Alright. So the gutter inspection was sometime between five or twelve and five on Wednesday,
PJ Fitzpatrick, Inc.: Correct.
MATTHEW GRIFFIN: September 9. And you
PJ Fitzpatrick, Inc.: And
MATTHEW GRIFFIN: said
PJ Fitzpatrick, Inc.: you'll
MATTHEW GRIFFIN: that's
PJ Fitzpatrick, Inc.: get
MATTHEW GRIFFIN: free,
PJ Fitzpatrick, Inc.: that
MATTHEW GRIFFIN: and
PJ Fitzpatrick, Inc.: narrowed
MATTHEW GRIFFIN: they're just
PJ Fitzpatrick, Inc.: down
MATTHEW GRIFFIN: gonna
PJ Fitzpatrick, Inc.: time.
MATTHEW GRIFFIN: and you said that's that's gonna be free, and they'll just they'll give us an inspection and if we need anything, you know, before we do the gutter guards,
PJ Fitzpatrick, Inc.: Yep.
MATTHEW GRIFFIN: more or less.
PJ Fitzpatrick, Inc.: So the
MATTHEW GRIFFIN: Alright.
PJ Fitzpatrick, Inc.: the the fee that we normally have, it is being waived. I just applied that to your account, so you will not have to worry about that at all.
MATTHEW GRIFFIN: Alright.
PJ Fitzpatrick, Inc.: Alright. Well, look, I appreciate you giving us a call. You are in good hands. I hope you take care, and enjoy the rest of your day. And we will see you tomorrow at one, and then later on in a week, Wednesday the ninth, between the hours of twelve and five.
MATTHEW GRIFFIN: Awesome. Thank you so much.
PJ Fitzpatrick, Inc.: You're welcome. Well, you take care.
MATTHEW GRIFFIN: Take care. You too. Bye bye.
PJ Fitzpatrick, Inc.: Thank you. Bye bye.",,,152131,MGP Manufacturing LLC,4464193568,false,"","","","",,,,,,,,,,,,,"(PJ Fitzpatrick, Inc.) (877) 368-0298","",""
MATTHEW GRIFFIN,(267) 918-2217,Website,answered,"","","",,,,00:02:40,00:00:57,00:01:43,,Ft Wash,PA,19047,US,Thursday,10,2026-09-03,10:48:32 AM,MasterShield.com / FB,(844) 230-4551,"",,https://app.calltrackingmetrics.com/api/v1/accounts/152131/calls/CA5c6c94af1d1bf2e632053abdc54eb1ec/recording,https://app.calltrackingmetrics.com/api/v1/accounts/152131/calls/CA5c6c94af1d1bf2e632053abdc54eb1ec/recording.mp3,"","Matthew Griffin reached the agent’s voicemail and left a message, saying, “Hello? Hello?”",,,,,,,,,,,,,,,,,"","","","",1| 19047,,,152131.4464183149,,,,,,,,inbound,,,,,,"MasterShield Dealer Zip Codes:19047|PJ Fitzpatrick, Inc. (PJ Fitzpatrick, Inc.) (877) 368-0298|Google Ads|MGP Google Analytics Event Trigger",,,,"PJ Fitzpatrick, Inc.: We are making life better one home at a time. Your call is very important to us. All calls are recorded to ensure customer satisfaction. Thanks for call
MATTHEW GRIFFIN: Hello? Hello?",,,152131,MGP Manufacturing LLC,4464183149,false,"","","","",,,,,,,,,,,,,"(PJ Fitzpatrick, Inc.) (877) 368-0298","",""
PIKESVILLE   MD,(410) 580-2683,Website,answered,"","","",,,,00:01:27,00:00:51,00:00:33,,Pikesville,MD,21048,US,Wednesday,16,2026-09-02,04:51:49 PM,MasterShield.com,(877) 532-3627,"",,https://app.calltrackingmetrics.com/api/v1/accounts/152131/calls/CA12cb74f41e7252c84db758cc30347208/recording,https://app.calltrackingmetrics.com/api/v1/accounts/152131/calls/CA12cb74f41e7252c84db758cc30347208/recording.mp3,"2026-09-02 05:45:33 PM: aaron@gutter-guards.com
2026-09-02 05:45:34 PM: aaron@gutter-guards.com
","PIKESVILLE, MD reached Agent’s voicemail. The automated greeting said Agent was unavailable and prompted the caller to leave an additional message; the caller left a message.",,,,,,,,,,,,,,,,,"","","","",1| 21048,,,152131.4463077535,,,,,,,,inbound,,,,,,MasterShield Dealer Zip Codes:21048|East Coast Gutters & Construction (East Coast Gutters & Construction) (443) 591-8302|Google Ads|MGP Google Analytics Event Trigger,,,,"East Coast Gutters & Construction: Calling. I'll see if this person is available. I'm sorry. This person is not available. If you would like to leave an additional message, please reply after the tone.",,,152131,MGP Manufacturing LLC,4463077535,false,"","","","",,,,,,,,,,,,,(East Coast Gutters & Construction) (443) 591-8302,"",""
COLUMBUS     OH,(614) 404-5468,Website,answered,"","","",,,,00:08:34,00:00:57,00:07:35,,Columbus,OH,43105,US,Wednesday,09,2026-09-02,09:13:35 AM,MasterShield.com / FB,(844) 230-4551,"",,https://app.calltrackingmetrics.com/api/v1/accounts/152131/calls/CA8a57fe26a5e10124e4cd5177dec9f4ef/recording,https://app.calltrackingmetrics.com/api/v1/accounts/152131/calls/CA8a57fe26a5e10124e4cd5177dec9f4ef/recording.mp3,"","Eric Stamm called to file a warranty claim for MasterShield gutter guards installed around 2005 at 6815 Fisher Road, Baltimore, Ohio; the guards have mold/algae buildup that prevents water from entering and causes runoff over the side of the house. Liam collected Eric’s contact information and said he would consult owner Jonathan, who would review the claim and follow up after Eric texts photos to (937) 660-3646.",,,,,,,,,,,,,,,,,"","","","",1| 43105,,,152131.4461198518,,,,,,,,inbound,,,,,,MasterShield Dealer Zip Codes:43105|Gutter Guards Direct (Gutter Guards Direct) (937) 660-3646|Google Ads|MGP Google Analytics Event Trigger,,,,"Gutter Guards Direct: Thank you for calling GutterGuards Direct. I am Jen, our team's virtual assistant. I can instantly schedule estimates, answer questions, text you information, or direct you to one of our team members. Just ask. How may I help you today?
COLUMBUS     OH: Filing a warranty claim.
Gutter Guards Direct: Okay. Let me check what I can do about the warranty claim. I can transfer you to customer service for warranty work. Would you like me to do that?
COLUMBUS     OH: Yes.
Gutter Guards Direct: Okay. Please stay with me a moment. Transferring you to customer service now. Please wait. This call is being recorded. Hi. This is Liam. Can I help you?
COLUMBUS     OH: Yes. I'd like to file a warranty claim.
Gutter Guards Direct: Yeah. Let's see. Can I look you up in the system really quick?
COLUMBUS     OH: Yeah.
Gutter Guards Direct: See. Let me just get into my computer really quick. What's your name?
COLUMBUS     OH: My name is Eric Stamm, and
Gutter Guards Direct: Eric.
COLUMBUS     OH: I actually purchased the house for my parents who originally bought the the gutter guards. Stam, that's s t a m m. But my parents'
Gutter Guards Direct: Eric Stam.
COLUMBUS     OH: names were Gary Gary and Barbara.
Gutter Guards Direct: Stam.
COLUMBUS     OH: Stamm. Yes.
Gutter Guards Direct: And then how long ago was the installation? Do you know?
COLUMBUS     OH: I believe it was 2005.
Gutter Guards Direct: 2005. Okay. Ah, shoot. LLC me see. See if I could write this down. The issue with that for me is that it's not in our more recent computer system, so I need to have Jonathan check the record on this one. Let's see. Where are you where are you out of?
COLUMBUS     OH: You mean the state or the address or what?
Gutter Guards Direct: Just the city.
COLUMBUS     OH: Baltimore, Ohio.
Gutter Guards Direct: Baltimore. K. And then 2005. Do you remember
COLUMBUS     OH: Yes.
Gutter Guards Direct: the name of the product that you bought?
COLUMBUS     OH: No. But I've got pictures of it.
Gutter Guards Direct: Okay. That'd be great. We could we could tell by picture. So
COLUMBUS     OH: I okay.
Gutter Guards Direct: let's see. Baltimore. And then could I actually take down an address?
COLUMBUS     OH: Yes. It's 6815 Fisher Road. That's F I S H E R, just like a fisherman. Fisher
Gutter Guards Direct: Fisher.
COLUMBUS     OH: Road
Gutter Guards Direct: Great.
COLUMBUS     OH: Northwest.
Gutter Guards Direct: And then do you have any do you have any receipt or any kind of documentation of the installation
COLUMBUS     OH: I could not
Gutter Guards Direct: or estimate?
COLUMBUS     OH: find any. All I saw
Gutter Guards Direct: Okay.
COLUMBUS     OH: was I did see I did see a price, but I don't have it with me
Gutter Guards Direct: Mhmm.
COLUMBUS     OH: right now. But oh,
Gutter Guards Direct: Okay.
COLUMBUS     OH: it was in dad's notes. It just said MasterShield. We originally
Gutter Guards Direct: MasterShield.
COLUMBUS     OH: thought they were leaf
Gutter Guards Direct: Yeah.
COLUMBUS     OH: leaf leaf guard, but we were a
Gutter Guards Direct: Yeah.
COLUMBUS     OH: leaf teller. But but, yeah, when I looked back at my dad's note, it said bought a MasterShield Guard Guard.
Gutter Guards Direct: Yeah.
COLUMBUS     OH: So
Gutter Guards Direct: Okay. Okay. Let's see. And then are are are you certain that this is us who installed it? Let's see.
COLUMBUS     OH: Oh, I'm not I'm not sure who installed it.
Gutter Guards Direct: Okay.
COLUMBUS     OH: All I know was MasterShield Gutter. Are you, like,
Gutter Guards Direct: MasterShield.
COLUMBUS     OH: just an installer?
Gutter Guards Direct: We're we're an installer for MasterShield. Let's see. I would need to talk with Jonathan, the owner, about how to handle some of these warranty claims. I'd I need to check our policy. Let's see. But we we we we install for MasterShield.
COLUMBUS     OH: Okay.
Gutter Guards Direct: Let me see.
COLUMBUS     OH: So are you a Ohio based company or your
Gutter Guards Direct: Yeah.
COLUMBUS     OH: installer?
Gutter Guards Direct: We're in date we're in Dayton. Yeah.
COLUMBUS     OH: Okay. Okay.
Gutter Guards Direct: Number okay. And then can I take down one more thing? Could I have your email, please?
COLUMBUS     OH: Yes. It's stamm, s t a m m, like m and m's,
Gutter Guards Direct: Mhmm.
COLUMBUS     OH: de,that'slikedog,excellent@gmail.comatgmail.com.
Gutter Guards Direct: Mhmm.
COLUMBUS     OH: So it's stammbe@gmail.com.
Gutter Guards Direct: Okay. Great. There's that. And then I let's see. I might actually need to have Jonathan take a look at this. So I might call him up and see what he can do for the warranty. And then and
COLUMBUS     OH: Okay.
Gutter Guards Direct: then what what specifically is motivating the warranty? Is there something wrong with the gutter guards?
COLUMBUS     OH: They they've got, like, mold algae growing on the
Gutter Guards Direct: Mold.
COLUMBUS     OH: like, all the mesh on top, and the water just, like, doesn't go in. They're keeping the leaves out, but they're not they're, like, no water goes in there, and then the water's just coming off
Gutter Guards Direct: Okay.
COLUMBUS     OH: the side of the house. Are you
Gutter Guards Direct: No
COLUMBUS     OH: my
Gutter Guards Direct: wires
COLUMBUS     OH: phone number
Gutter Guards Direct: coming
COLUMBUS     OH: too, or
Gutter Guards Direct: in.
COLUMBUS     OH: you're gonna somebody gonna call me back? Or
Gutter Guards Direct: I was gonna ask if this is the best number to
COLUMBUS     OH: yes.
Gutter Guards Direct: reach
COLUMBUS     OH: This
Gutter Guards Direct: you.
COLUMBUS     OH: is, like
Gutter Guards Direct: Okay.
COLUMBUS     OH: it's my cell
Gutter Guards Direct: Okay.
COLUMBUS     OH: phone. Yes.
Gutter Guards Direct: So I think if you have some pictures, that would be great to check out some pictures, and then I can send this to Jonathan and then see what he would say for the warranty claim.
COLUMBUS     OH: Okay.
Gutter Guards Direct: Yep. And
COLUMBUS     OH: You
Gutter Guards Direct: then
COLUMBUS     OH: wanna,
Gutter Guards Direct: you could you
COLUMBUS     OH: like
Gutter Guards Direct: could just text the pictures to this number.
COLUMBUS     OH: I'll text them to what is this number? Maybe I don't know if it's pulling up your number because I got transferred to this number.
Gutter Guards Direct: You could you could just write it down really quick.
COLUMBUS     OH: Okay. Hold on a second. I don't have a pen
Gutter Guards Direct: Yeah.
COLUMBUS     OH: with
Gutter Guards Direct: You're
COLUMBUS     OH: me.
Gutter Guards Direct: good.
COLUMBUS     OH: Morning. Okay. You still there?
Gutter Guards Direct: Yep.
COLUMBUS     OH: I'm ready.
Gutter Guards Direct: Okay. You could write down (937) 660-3646.
COLUMBUS     OH: Okay.
Gutter Guards Direct: Okay.
COLUMBUS     OH: And
Gutter Guards Direct: There
COLUMBUS     OH: your
Gutter Guards Direct: you go.
COLUMBUS     OH: name
Gutter Guards Direct: And
COLUMBUS     OH: was
Gutter Guards Direct: then if
COLUMBUS     OH: again?
Gutter Guards Direct: you just my my name is Liam. The the owner's here the the owner's name is Jonathan.
COLUMBUS     OH: Okay.
Gutter Guards Direct: Mhmm.
COLUMBUS     OH: Okay.
Gutter Guards Direct: Okay. So
COLUMBUS     OH: Thank
Gutter Guards Direct: if you
COLUMBUS     OH: you.
Gutter Guards Direct: just text those pictures, then I can have him get back to you. Yep.
COLUMBUS     OH: Will do. Will
Gutter Guards Direct: Okay. Thank you.
COLUMBUS     OH: do. Thanks.
Gutter Guards Direct: Bye bye.",,,152131,MGP Manufacturing LLC,4461198518,false,"","","","",,,,,,,,,,,,,(Gutter Guards Direct) (937) 660-3646,"",""
DARREL WOLF,(360) 521-4910,Website,no answer,"","","",,,,00:02:09,00:02:09,00:00:00,,Vancouver,WA,98663,US,Tuesday,16,2026-09-01,04:31:57 PM,MasterShield.com,(877) 532-3627,no dealer| ms calls,,,,"",,,,,,,,,,,,,,,,,,"","","","",1| 98663,,,152131.4460263796,,,,,,,,inbound,,,,,,"MasterShield Dealer Zip Codes:98663|3. No MS Dealer, check other product dealers?:1|MGP Google Analytics Event Trigger",,,,,,,152131,MGP Manufacturing LLC,4460263796,false,"","","","",,,,,,,,,,,,,,"",""
LEESBURG     VA,(571) 593-8455,Website,answered,"","","",,,,00:02:58,00:00:52,00:02:03,,"",VA,16248,US,Tuesday,15,2026-09-01,03:17:03 PM,MasterShield.com,(877) 532-3627,"",,https://app.calltrackingmetrics.com/api/v1/accounts/152131/calls/CA40396c5f78303563eec549d8e492a958/recording,https://app.calltrackingmetrics.com/api/v1/accounts/152131/calls/CA40396c5f78303563eec549d8e492a958/recording.mp3,"2026-09-01 03:44:04 PM: aaron@gutter-guards.com
","Jamie, a records technician with Omniclex, called seeking information about processing an employment verification. After being transferred to customer service, the agent mistakenly referenced an employment verification recently submitted by the owner, Jonathan, and offered to have Jonathan call Jamie back.",,,,,,,,,,,,,,,,,"","","","",1| 16248,,,152131.4459959629,,,,,,,,inbound,,,,,,MasterShield Dealer Zip Codes:16248|Gutter Guards Direct (Gutter Guards Direct) (937) 660-3646|Google Ads|MGP Google Analytics Event Trigger,,,,"Gutter Guards Direct: Thank you for calling Gutter Guards Direct. I am Jen, our team's virtual assistant. I can instantly schedule estimates, answer questions, text you information, or direct you to one of our team members. Just ask. How may I help you today?
LEESBURG     VA: Looking to do an employment verification?
Gutter Guards Direct: Alright. Let me see what I can find regarding employment verification. I do not have any information on an employment verification process. I can transfer you to customer service. Would you like me to do that?
LEESBURG     VA: Yes.
Gutter Guards Direct: Got it. Please hold on for a second. Transferring you to customer service now. Please wait. This call is being recorded. Hi. This is Liam. Can I help you?
LEESBURG     VA: Okay. Yeah. My name is Jamie. I'm a records technician. I was calling to see about how you'd be able to process an employment verification.
Gutter Guards Direct: Yeah. Could you could you say who who you're with again?
LEESBURG     VA: Omniclex.
Gutter Guards Direct: Yeah. Is is this over did this just get processed today?
LEESBURG     VA: No. I'm no. I didn't do it. I didn't process one. I I was just looking to do an employment verification. I wanna see how you're able to do them. Like,
Gutter Guards Direct: Yeah.
LEESBURG     VA: some people
Gutter Guards Direct: Okay.
LEESBURG     VA: have
Gutter Guards Direct: Well, Jonathan just put that through today. He's the owner.
LEESBURG     VA: what do you put through?
Gutter Guards Direct: He just put through the employment. If you're if you're talking about the new employment that we just did, which we did today.
LEESBURG     VA: Okay. Yeah. That's fine.
Gutter Guards Direct: Yeah. I'll have to I I should put you through through to Jonathan, really.
LEESBURG     VA: Okay. That'll work.
Gutter Guards Direct: Okay. Can I have him call you?",,,152131,MGP Manufacturing LLC,4459959629,false,"","","","",,,,,,,,,,,,,(Gutter Guards Direct) (937) 660-3646,"",""
BETTY LORCH,(815) 651-5855,Website,busy,"","","",,,,00:01:17,00:01:17,00:00:00,,Joliet,IL,60435,US,Tuesday,13,2026-09-01,01:34:20 PM,MasterShield.com / FB,(844) 230-4551,"",,,,"",,,,,,,,,,,,,,,,,,"","","","",1| 60435,,,152131.4459498586,,,,,,,,inbound,,,,,,MasterShield Dealer Zip Codes:60435|Americanstruction Inc. (Americanstruction Inc.) (815) 469-4960|MGP Google Analytics Event Trigger,,,,,,,152131,MGP Manufacturing LLC,4459498586,false,"","","","",,,,,,,,,,,,,(Americanstruction Inc.) (815) 469-4960,"",""
BETTY LORCH,(815) 651-5855,Website,busy,"","","",,,,00:01:18,00:01:18,00:00:00,,Joliet,IL,60435,US,Tuesday,13,2026-09-01,01:29:27 PM,MasterShield.com / FB,(844) 230-4551,"",,,,"",,,,,,,,,,,,,,,,,,"","","","",1| 60435,,,152131.4459476734,,,,,,,,inbound,,,,,,MasterShield Dealer Zip Codes:60435|Americanstruction Inc. (Americanstruction Inc.) (815) 469-4960|MGP Google Analytics Event Trigger,,,,,,,152131,MGP Manufacturing LLC,4459476734,false,"","","","",,,,,,,,,,,,,(Americanstruction Inc.) (815) 469-4960,"",""
BETTY LORCH,(815) 651-5855,Website,busy,"","","",,,,00:01:22,00:01:22,00:00:00,,Joliet,IL,60435,US,Tuesday,13,2026-09-01,01:23:40 PM,MasterShield.com / FB,(844) 230-4551,"",,,,"",,,,,,,,,,,,,,,,,,"","","","",1| 60435,,,152131.4459450097,,,,,,,,inbound,,,,,,MasterShield Dealer Zip Codes:60435|Americanstruction Inc. (Americanstruction Inc.) (815) 469-4960|MGP Google Analytics Event Trigger,,,,,,,152131,MGP Manufacturing LLC,4459450097,false,"","","","",,,,,,,,,,,,,(Americanstruction Inc.) (815) 469-4960,"",""
DARREL WOLF,(360) 521-4910,Website,no answer,"","","",,,,00:02:31,00:02:31,00:00:00,,Vancouver,WA,98663,US,Tuesday,12,2026-09-01,12:57:13 PM,MasterShield.com,(877) 532-3627,no dealer| ms calls| kg calls,,,,"",,,,,,,,,,,,,,,,,,"","","","",1| 1| 1| 1| 1| 98663| 98663| 98663,,,152131.4459321103,,,,,,,,inbound,,,,,,"MasterShield Dealer Zip Codes:98663|3. No MS Dealer, check other product dealers?:1|3. No MS Dealer, check other product dealers?:1|3. No MS Dealer, check other product dealers?:1|Klean Gutter Dealer Zip Codes:98663|3. No KG Dealer, check other product dealers?:1|3. No KG Dealer, check other product dealers?:1|3. No KG Dealer, check other product dealers?:1|MasterShield Dealer Zip Codes:98663|3. No MS Dealer, check other product dealers?:1|MGP Google Analytics Event Trigger",,,,,,,152131,MGP Manufacturing LLC,4459321103,false,"","","","",,,,,,,,,,,,,,"",""
DARREL WOLF,(360) 521-4910,Website,no answer,"","","",,,,00:01:08,00:01:08,00:00:00,,Vancouver,WA,98663,US,Tuesday,12,2026-09-01,12:54:55 PM,MasterShield.com,(877) 532-3627,no dealer| ms calls,,,,"",,,,,,,,,,,,,,,,,,"","","","",1| 98663,,,152131.4459310657,,,,,,,,inbound,,,,,,"MasterShield Dealer Zip Codes:98663|3. No MS Dealer, check other product dealers?:1|MGP Google Analytics Event Trigger",,,,,,,152131,MGP Manufacturing LLC,4459310657,false,"","","","",,,,,,,,,,,,,,"",""
JONNIE BURKS,(919) 730-7030,Website,answered,"","","",,,,00:09:38,00:00:59,00:08:39,,Durham,NC,27703,US,Tuesday,12,2026-09-01,12:29:26 PM,MasterShield.com / FB,(844) 230-4551,"",,https://app.calltrackingmetrics.com/api/v1/accounts/152131/calls/CA04b35a74c000f395aa43399ec68e4898/recording,https://app.calltrackingmetrics.com/api/v1/accounts/152131/calls/CA04b35a74c000f395aa43399ec68e4898/recording.mp3,"2026-09-01 12:45:13 PM: aaron@gutter-guards.com
","Jonnie Burks called regarding paint covering the gutter shields on the front metal porch and requested replacement covers, along with an inspection of a downspout near the left side of his two-car garage that is not draining properly. The agent scheduled Chris to inspect the gutters and downspout on Wednesday, September 2, at 1:00 PM, noting Jonnie likely does not need to be present and that an estimate may be sent by email.",,,,,,,,,,,,,,,,,"","","","",1| 30101,,,152131.4459189907,,,,,,,,inbound,,,,,,MasterShield Dealer Zip Codes:30101|KTL Home Improvment (KTL Home Improvment) (770) 951-8884|Google Ads|MGP Google Analytics Event Trigger,,,,"KTL Home Improvment: Purposes. Thank you for calling MasterShield Atlanta's schedule services. This is Andrew. How may I help you?
JONNIE BURKS: Hey, Andrew. How are you doing?
KTL Home Improvment: Not bad yourself?
JONNIE BURKS: I'm doing pretty good. Y'all came out and put some gutter shield on my house. I think it's been about about three, four years ago. If you could look me up on on the my account, I guess.
KTL Home Improvment: I actually don't have access to our customer portfolios. So
JONNIE BURKS: Okay.
KTL Home Improvment: what are we trying to do? Do you need us to come back out and look at them? Do they need to be fixed? What's going on?
JONNIE BURKS: Well, okay. I had a a paint company to come out and and paint my house right. And
KTL Home Improvment: Okay.
JONNIE BURKS: they they painted over top of the of the gutter shield on the front part of my house. I just wanna get them replaced.
KTL Home Improvment: Oh, well, alright. Let me see what we can do here.
JONNIE BURKS: Man, man, they told me it was a buildup on the gutter sheet I mean, on the gutter sheet. I don't know how that happened, but it looks just like paint. And and then they fussing back and forth with me talking about they they didn't do it.
KTL Home Improvment: Okay. That's horrible.
JONNIE BURKS: It. Yeah. It's horrible. They did a good job on on painting my house, but they didn't match up and tape up stuff, like, the correct way for them to do.
KTL Home Improvment: Right. Well, we'll definitely see if we can get this taken care of for you. Alright. Let me see. Now you said how long ago roughly did you say you had these done?
JONNIE BURKS: Probably been about, I wanna say, about two years after I moved in the house. I moved in the house in 2021. So I would say roughly about 2223.
KTL Home Improvment: Okay. So say about four years or so?
JONNIE BURKS: Yeah.
KTL Home Improvment: Alright. Okay.
JONNIE BURKS: And I also need to look at a downspout too because when it rains, it don't it don't drain right. It seem like it's coming out from the the top of the gutter, and I don't know. It's probably need to look at that downspout for them also.
KTL Home Improvment: Not a problem. I can put that in here as well. Bear with me one moment. I think I've got most of that already. So alright. Okay. Just need a little bit of information so we can get this underway.
JONNIE BURKS: Okay.
KTL Home Improvment: So this would be just partial because it's not the whole things you need fixed. Right?
JONNIE BURKS: No. No. It's just the front metal porch. The gutter shield need to be replaced.
KTL Home Improvment: Okay. So you just need the covers then?
JONNIE BURKS: Yes.
KTL Home Improvment: Okay. And your name?
JONNIE BURKS: Johnny Burks. I
KTL Home Improvment: Alright.
JONNIE BURKS: I don't know if Chris Aaron is still working there with with with y'all because he's the one was my sales rep.
KTL Home Improvment: They might be. I don't have access to that quite yet either, but I can definitely send your information over and have somebody reach out. So bear with me for just a few moments here. Let me
JONNIE BURKS: Okay.
KTL Home Improvment: see if we can get you all squared and have somebody come out for you, Johnny. Let me get a good phone number for you.
JONNIE BURKS: (919) 730-7030.
KTL Home Improvment: Excellent. That was (919) 730-7030.
JONNIE BURKS: Yes, sir.
KTL Home Improvment: Okay. And could I get the your physical address?
JONNIE BURKS: 6029 Simone Street. That's in Atworth, Georgia.
KTL Home Improvment: That's S I M O N E? Perfect. And Aquarius. Alright. Is that three zero one zero one?
JONNIE BURKS: Yes. Yes, sir.
KTL Home Improvment: Okay. Okay. Alright. I'm just putting in the info that you've already given me on what's going on. Downspout. Perfect. Alright. And can I get a good email address for you, Johnny?
JONNIE BURKS: Auto image
KTL Home Improvment: A u
JONNIE BURKS: seventy
KTL Home Improvment: t o
JONNIE BURKS: one
KTL Home Improvment: I m h a e seven one. Okay.
JONNIE BURKS: at yahoo at yahoo
KTL Home Improvment: Alright.
JONNIE BURKS: dot com.
KTL Home Improvment: Is that autoimage71@yahoo?
JONNIE BURKS: Yes, sir.
KTL Home Improvment: Perfect. Thank you. Alright. Let me see what I've got for appointments here. I can see if we can get you in the books. One moment. Cover. Okay. So we need just the covers. Fantastic. Alright. What do I have? It looks like I've got a couple appointments still left for tomorrow if you'd like us to come out tomorrow and do that estimate for you on those covers.
JONNIE BURKS: Yeah. That'd be fine. I don't
KTL Home Improvment: What
JONNIE BURKS: have to
KTL Home Improvment: time
JONNIE BURKS: be
KTL Home Improvment: would
JONNIE BURKS: there
KTL Home Improvment: work
JONNIE BURKS: physically.
KTL Home Improvment: good for
JONNIE BURKS: Right?
KTL Home Improvment: you? Let me see. It doesn't specify yes or no.
JONNIE BURKS: Yeah.
KTL Home Improvment: I guess it would be up to you if you wanted to be there. I have appointments starting at 01:00 in the afternoon going up to 04:30.
JONNIE BURKS: Well, you can come anytime. I mean, I don't have to be there. I mean, you're just looking at the front the metal front the the the
KTL Home Improvment: Okay.
JONNIE BURKS: front porch, the metal roof. Do you see the
KTL Home Improvment: Alright. Alright. They'll they'll probably they'll probably look over all of them
JONNIE BURKS: it's
KTL Home Improvment: anyway just to make sure. So, I mean, if we're we're coming out to check a few, we may as well look at them all. You know? So they'll they'll they'll probably inspect most of them and just make sure that there isn't anything else going on. So we say
JONNIE BURKS: Okay.
KTL Home Improvment: we can give you a a solid quote on exactly what's going on. So I do have that set for you for tomorrow, September second at one I put it in for 1PM for you, and that would be with Chris. So Chris will be coming out.
JONNIE BURKS: Okay. Okay.
KTL Home Improvment: So let me go ahead and get that booked up for you. So, again, that's for Wednesday, September 2 at 1PM.
JONNIE BURKS: And the down side
KTL Home Improvment: Now
JONNIE BURKS: I'm I'm I'm I'm I'm referring to is the one on the two cargo rods. The the one closest to, I guess okay. If you come in towards the house, when you pull in the garage, it's the the downspout to the left, the first one until you get you get to.
KTL Home Improvment: Okay. Cleaning properly. It that one, it was you said it was to the right of the garage?
JONNIE BURKS: Well, when you pull in the driveway, it'd be to the left of the garage, on the two
KTL Home Improvment: Okay. It's
JONNIE BURKS: car
KTL Home Improvment: the
JONNIE BURKS: garage.
KTL Home Improvment: one on the left
JONNIE BURKS: A matter
KTL Home Improvment: of
JONNIE BURKS: of fact,
KTL Home Improvment: the two
JONNIE BURKS: I I
KTL Home Improvment: car garage?
JONNIE BURKS: yeah. Where where the floodlight
KTL Home Improvment: Okay.
JONNIE BURKS: is at? You just put where the floodlight is at, so you you you know what what I'm referring to.
KTL Home Improvment: Alright. So I put that in here so that you had that downspout that doesn't seem to be draining properly, and it is the one on the left of the two car garage where the floodlight is.
JONNIE BURKS: Yes. There you go.
KTL Home Improvment: Perfect. Alright. Alright. So I've got that in the description of what's going on. Excellent. I think I've got everything I need here, Johnny. So we'll go ahead. We got that all set for you. So Chris will be out tomorrow around one in the afternoon to do that that appointment with you. If I I does not say that you have to be there, so I don't think you do. They're just gonna be expecting those, and they'll they'll more than likely send you the estimate to more probably that email.
JONNIE BURKS: Okay.
KTL Home Improvment: So I'm gonna go ahead and send this information over to the office so they have that for your file as well. And, again, Chris will come be out tomorrow afternoon to look at those gutter caps for you.
JONNIE BURKS: Okay. Thank you.
KTL Home Improvment: You're very welcome, Johnny. You have a great rest of your day.
JONNIE BURKS: Okay. You do say.
KTL Home Improvment: Bye bye.
JONNIE BURKS: Bye bye.",,,152131,MGP Manufacturing LLC,4459189907,false,"","","","",,,,,,,,,,,,,(KTL Home Improvment) (770) 951-8884,"",""
KANSAS CITY  MO,(816) 210-8446,Website,no answer,"","","",,,,00:01:08,00:01:08,00:00:00,,Kansas City,MO,66206,US,Monday,15,2026-08-31,03:16:02 PM,MasterShield.com,(877) 532-3627,no dealer| ms calls,,,,"",,,,,,,,,,,,,,,,,,"","","","",1| 66206,,,152131.4457012945,,,,,,,,inbound,,,,,,"MasterShield Dealer Zip Codes:66206|3. No MS Dealer, check other product dealers?:1|MGP Google Analytics Event Trigger",,,,,,,152131,MGP Manufacturing LLC,4457012945,false,"","","","",,,,,,,,,,,,,,"",""
ADRIAN       MI,(517) 920-3307,Website,busy,"","","",,,,00:00:58,00:00:58,00:00:00,,Southfield,MI,49221,US,Monday,10,2026-08-31,10:35:42 AM,MasterShield.com,(877) 532-3627,"",,,,"",,,,,,,,,,,,,,,,,,"","","","",1| 49221,,,152131.4455687974,,,,,,,,inbound,,,,,,MasterShield Dealer Zip Codes:49221|Mission Home Renovations (Mission Home Renovations) (419) 455-1955|MGP Google Analytics Event Trigger,,,,,,,152131,MGP Manufacturing LLC,4455687974,false,"","","","",,,,,,,,,,,,,(Mission Home Renovations) (419) 455-1955,"",""
KURT CARLSON,(617) 947-0465,Website,no answer,"","","",,,,00:00:20,00:00:20,00:00:00,,Boston,MA,02472,US,Saturday,15,2026-08-29,03:42:51 PM,MasterShield.com,(877) 532-3627,"",,,,"",,,,,,,,,,,,,,,,,,"","","","",,,,152131.4454145890,,,,,,,,inbound,,,,,,MasterShield Dealer Zip Codes:|MGP Google Analytics Event Trigger,,,,,,,152131,MGP Manufacturing LLC,4454145890,false,"","","","",,,,,,,,,,,,,,"",""
