No,Keywords,Volume,Position,Est. Visits,SEO Difficulty,CPC,Ranking URL
1,mastershield,1300,1,470,18,13.69,http://mastershield.com/
2,mastershield gutter guard,1300,1,427,22,13.69,http://mastershield.com/
3,putting guttering up,40500,5,395,39,31.08,http://mastershield.com/how-to-install-gutters/
4,how to attach rain gutter,8100,8,49,33,8.06,http://mastershield.com/how-to-install-gutters/
5,gutter maintenance,1600,4,25,21,18.09,http://mastershield.com/gutter-maintenance/
6,mastershield gutter protection,70,1,23,25,13.93,http://mastershield.com/
7,mastershield gutter,70,1,23,22,12.65,http://mastershield.com/
8,wash gutters,70,1,22,24,7.11,http://mastershield.com/gutter-cleaning/
9,leaky roof,6600,27,21,50,31.78,http://mastershield.com/leaking-roof/
10,gutter shield,590,8,20,46,12.86,http://mastershield.com/
11,micro mesh gutter guards,12100,23,15,25,4.72,http://mastershield.com/micro-mesh-gutter-guards/
12,mesh guards for gutters,8100,13,15,32,2.63,http://mastershield.com/
13,gutter covers lowes,480,6,10,29,1.89,http://mastershield.com/lowes-gutter-guards/
14,leaf filter gutter protection cost,2900,12,8,24,30.82,http://mastershield.com/gutter-guard-cost-hub/leaffilter-cost/
15,gutter guard mesh,6600,15,8,13,2.59,http://mastershield.com/
16,gutter guard systems,5400,14,6,45,20.97,http://mastershield.com/
17,how to install rain gutters on a house,1000,7,6,31,11.06,http://mastershield.com/how-to-install-gutters/
18,gutter protection systems,5400,16,6,54,21.86,http://mastershield.com/
19,cost of leafguard,1000,6,5,20,29.51,http://mastershield.com/leaf-guard-cost/
20,gutter mesh cover,480,5,5,30,1.94,http://mastershield.com/
21,leafguard gutters cost,1000,7,5,20,33.5,http://mastershield.com/leaf-guard-cost/
22,house gutter installation,590,12,4,44,27.75,http://mastershield.com/how-to-install-gutters/
23,copper gutter guards,1000,28,4,13,2.52,http://mastershield.com/copper-gutter-guards/
24,lowe's gutter guards,390,7,4,30,3.62,http://mastershield.com/lowes-gutter-guards/
25,christmas lights for gutters,880,12,3,24,1.2,http://mastershield.com/gutter-covers-christmas-lights/
26,light clips for gutters with gutter guards,260,15,3,32,0.27,http://mastershield.com/gutter-covers-christmas-lights/
27,hail damage gutters,210,6,3,12,14.265,http://mastershield.com/hail-damage/
28,gutter protection solutions,70,9,2,36,0,http://mastershield.com/
29,how should gutters be installed,50,5,2,38,85.54,http://mastershield.com/how-to-install-gutters/
30,exterior peeling paint,70,4,2,28,0.09,http://mastershield.com/exterior-peeling-paint-advice/
31,leaf guard gutter system cost,50,5,2,25,53.06,http://mastershield.com/leaf-guard-cost/
32,leaf gutter guards at lowes,140,8,2,28,2.92,http://mastershield.com/lowes-gutter-guards/
33,how much does leaf gutters cost,50,9,2,26,17.37,http://mastershield.com/leaf-guard-cost/
34,average cost of leafguard gutters,90,9,2,20,19.76,http://mastershield.com/leaf-guard-cost/
35,drip guard gutter,70,9,2,19,0.53,http://mastershield.com/gutter-drip-edge/
36,how much is leaf filter per foot installed,50,7,2,24,14.47,http://mastershield.com/gutter-guard-cost-hub/leaffilter-cost/
37,how much do gutter guards cost per foot,70,15,2,19,17.47,http://mastershield.com/leaf-guard-cost/
38,peeling exterior paint,70,4,2,24,0.09,http://mastershield.com/exterior-peeling-paint-advice/
39,how much does leaf gutter cost,50,9,2,22,17.37,http://mastershield.com/leaf-guard-cost/
40,leafguard reviews,2400,19,2,22,24.14,http://mastershield.com/leafguard-reviews/
41,how much are gutter guards,590,13,2,25,22.81,http://mastershield.com/leaf-guard-cost/
42,house paint peeling,50,9,2,34,0,http://mastershield.com/exterior-peeling-paint-advice/
43,what does leafguard cost,50,5,2,20,23.51,http://mastershield.com/leaf-guard-cost/
44,gutter guard under shingles,50,9,2,18,3.03,http://mastershield.com/gutter-covers-and-shingles/
45,leaf guard prices per foot,70,5,2,23,20.2,http://mastershield.com/leaf-guard-cost/
46,copper gutter screens,90,8,2,13,5.32,http://mastershield.com/copper-gutter-guards/
47,how far should shingles overhang gutter,50,4,2,19,0,http://mastershield.com/shingle-overhang/
48,what to do when roof is leaking,70,17,2,29,8.93,http://mastershield.com/leaking-roof/
49,what does leaf guard cost,50,5,2,23,23.51,http://mastershield.com/leaf-guard-cost/
50,average cost of leaf guard,90,7,2,24,16.71,http://mastershield.com/leaf-guard-cost/
51,diy gutter guards,2400,15,2,29,1.39,http://mastershield.com/diy-gutter-guard/
52,gutter guard covers,70,9,2,36,12.59,http://mastershield.com/
53,icicles from gutters,480,17,2,14,0.61,http://mastershield.com/icicles-on-gutters/
54,how much does leaf filter cost,1000,18,2,23,11.87,http://mastershield.com/leaf-guard-cost/
55,exterior paint peeling,70,4,2,21,0.09,http://mastershield.com/exterior-peeling-paint-advice/
56,gutter guards lowe's,390,9,2,26,2.4,http://mastershield.com/lowes-gutter-guards/
57,how to use christmas light gutter clips,70,14,2,20,0,http://mastershield.com/gutter-covers-christmas-lights/
58,seamless gutter guards,90,19,2,38,38.93,http://mastershield.com/
59,do gutter guards cause icicles,40,3,2,12,0,http://mastershield.com/gutter-guard-complaints-hub/icicles-on-gutters/
60,easy gutters install,90,19,2,33,15.26,http://mastershield.com/how-to-install-gutters/
61,installing gutter guards under shingles,50,3,2,25,8.03,http://mastershield.com/gutter-covers-and-shingles/
62,gutter guards and icicles,50,3,2,12,0,http://mastershield.com/icicles-on-gutters/
63,cost of leaf filter gutter guards,50,9,2,26,13.6,http://mastershield.com/gutter-guard-cost-hub/leaffilter-cost/
64,gutter cover guards,70,8,1,46,12.59,http://mastershield.com/
65,drip edge overhang,50,15,1,16,0.06,http://mastershield.com/shingle-overhang/
66,leaf shield gutter,50,17,1,33,51.53,http://mastershield.com/
67,icicles on gutters,480,16,1,15,0.61,http://mastershield.com/icicles-on-gutters/
68,average cost for leaf filter,50,7,1,24,17.3,http://mastershield.com/gutter-guard-cost-hub/leaffilter-cost/
69,brushes to clean gutters,40,18,1,12,1.1,http://mastershield.com/gutter-brush/
70,gutter guard cost per linear foot,50,16,1,26,17.09,http://mastershield.com/leaf-guard-cost/
71,leaf gutter guards cost,50,8,1,31,34.29,http://mastershield.com/leaf-guard-cost/
72,gutters pine needles,40,18,1,26,18.63,http://mastershield.com/best-gutter-guards-hub/gutter-guards-for-pine-needles/
73,cost of gutters with leaf guards,40,7,1,18,19.7,http://mastershield.com/gutter-guard-cost-hub/gutter-guard-cost/
74,water overshooting gutter,30,4,1,14,1.96,http://mastershield.com/aegis-5x/hydrovortex/
75,how much overhang for shingles,50,6,1,17,0,http://mastershield.com/shingle-overhang/
76,leaf guard gutters problems,170,12,1,31,18.54,http://mastershield.com/leafguard-reviews/
77,is leafguard expensive,90,8,1,21,17.06,http://mastershield.com/leaf-guard-cost/
78,christmas lights clips for gutter guards,40,7,1,33,0.53,http://mastershield.com/gutter-covers-christmas-lights/
79,cost of new gutters with guards,70,16,1,26,25.46,http://mastershield.com/leaf-guard-cost/
80,gutter micro mesh,40,9,1,18,0.79,http://mastershield.com/
81,how much shingle overhang,50,7,1,19,0,http://mastershield.com/shingle-overhang/
82,leaffilter gutter guard cost,50,17,1,28,23.05,http://mastershield.com/leaf-guard-cost/
83,gutter shingle,50,11,1,24,0,http://mastershield.com/gaf-report/
84,christmas light clips for gutter guards home depot,50,18,1,28,0.02,http://mastershield.com/gutter-covers-christmas-lights/
85,leafguard cost per linear foot,40,15,1,20,11.7,http://mastershield.com/gutter-guard-cost-hub/gutter-guard-cost/
86,gutter helmet colors,50,15,1,29,8.34,http://mastershield.com/why-us-mastershield-gutter-protection/mastershield-colors/
87,leafguard gutters reviews,480,20,1,31,24.42,http://mastershield.com/leafguard-reviews/
88,roof overhang for gutters,30,11,1,12,0,http://mastershield.com/shingle-overhang/
89,how do gutters attach to house,90,10,1,27,1.52,http://mastershield.com/how-to-install-gutters/
90,gutter guard home,90,11,1,58,28.2,http://mastershield.com/
91,diy gutters home depot,70,19,1,34,0.5,http://mastershield.com/home-depot-gutters/
92,gutter repair home depot,70,15,1,39,3.41,http://mastershield.com/home-depot-gutters/
93,costco gutter installation,50,8,1,32,25.42,http://mastershield.com/best-gutter-guards-hub/costco-gutter-guards/
94,how much do leaf guard gutters cost per foot,40,6,1,23,20.22,http://mastershield.com/gutter-guard-cost-hub/gutter-guard-cost/
95,house roof leaking,50,14,1,23,16.12,http://mastershield.com/leaking-roof/
96,cost of leaf guard gutter system,50,6,1,24,53.06,http://mastershield.com/leaf-guard-cost/
97,how expensive is leaf guard,50,6,1,31,20.87,http://mastershield.com/leaf-guard-cost/
98,how to install gutters correctly,70,9,1,25,6.53,http://mastershield.com/how-to-install-gutters/
99,gutter guard cleaning brush,70,15,1,15,2.32,http://mastershield.com/gutter-brush/
100,icicles on gutter guards,50,4,1,13,0,http://mastershield.com/icicles-on-gutters/
101,copper guard,50,10,1,12,0.57,http://mastershield.com/aegis-5x/coppercare/
102,home depot gutter replacement,40,15,1,41,9.79,http://mastershield.com/home-depot-gutters/
103,what is a downspout on a house,30,8,1,22,0,http://mastershield.com/guides-and-resources/gutter-maintenance-hub/downspout-facts/
104,shingle drip edge overhang,50,8,1,18,0,http://mastershield.com/shingle-overhang/
105,how much should shingles overhang drip edge,50,12,1,19,0,http://mastershield.com/shingle-overhang/
106,average cost for leafguard gutters,40,15,1,23,21.36,http://mastershield.com/gutter-guard-cost-hub/gutter-guard-cost/
107,roof water spout,50,15,1,31,0.25,http://mastershield.com/downspout-facts/
108,gutter filter cost,50,17,1,29,28.44,http://mastershield.com/leaf-guard-cost/
109,why do i have icicles on my gutters,40,17,1,16,0,http://mastershield.com/gutter-guard-complaints-hub/icicles-on-gutters/
110,wire mesh for gutters,50,13,1,38,0.68,http://mastershield.com/
111,gutter guards icicles,50,5,1,12,0,http://mastershield.com/icicles-on-gutters/
112,micro mesh gutter covers,880,17,1,18,4.16,http://mastershield.com/
113,water overshooting gutters,30,5,1,15,1.96,http://mastershield.com/aegis-5x/hydrovortex/
114,leafguard gutter systems cost,50,7,1,29,53.06,http://mastershield.com/leaf-guard-cost/
115,leaf guard cost per linear foot,40,14,1,20,11.7,http://mastershield.com/gutter-guard-cost-hub/gutter-guard-cost/
116,drip edge roller for gutters,90,12,1,22,4.91,http://mastershield.com/gutter-drip-edge/
117,hanging lights with gutter guards,50,10,1,21,0.34,http://mastershield.com/gutter-covers-christmas-lights/
118,leafguard gutter system cost,50,6,1,24,53.06,http://mastershield.com/leaf-guard-cost/
119,how far should shingles overhang gutters,50,2,1,19,0,http://mastershield.com/shingle-overhang/
120,gutter distance from roof edge,50,13,1,15,0,http://mastershield.com/shingle-overhang/
121,diy mesh gutter guards,50,14,1,28,0.16,http://mastershield.com/diy-gutter-guard/
122,gutter with leaf guard cost,40,6,1,20,34.4,http://mastershield.com/gutter-guard-cost-hub/gutter-guard-cost/
123,gutter guards under shingles,50,7,1,20,3.03,http://mastershield.com/gutter-covers-and-shingles/
124,how much do gutter guards cost,720,19,1,23,23.66,http://mastershield.com/leaf-guard-cost/
125,leafguard gutter system installation cost,40,13,1,20,0,http://mastershield.com/gutter-guard-cost-hub/gutter-guard-cost/
126,master protection,40,15,1,20,1.27,http://mastershield.com/
127,under gutter christmas lights,30,14,1,24,0.52,http://mastershield.com/gutter-covers-christmas-lights/
128,does gutter brush work,50,12,1,16,3.16,http://mastershield.com/gutter-brush/
129,leaf guards at lowes,50,7,1,27,1.97,http://mastershield.com/lowes-gutter-guards/
130,icicles forming on gutters,50,18,1,18,0,http://mastershield.com/icicles-on-gutters/
131,hail or high water roofing,40,14,1,23,0.47,http://mastershield.com/gutter-guard-complaints-hub/hail-damage/
132,hydroshield gutter guard,70,7,1,15,8.84,http://mastershield.com/
133,what is the average cost of leaf filters,50,17,1,23,21.15,http://mastershield.com/leaf-guard-cost/
134,what type of gutters are best,50,18,1,29,13.86,http://mastershield.com/best-types-of-gutters-to-consider/
135,how much do leafguard gutters cost per foot,40,12,1,23,20.22,http://mastershield.com/gutter-guard-cost-hub/gutter-guard-cost/
136,gutters with leaf guards cost,40,6,1,20,34.4,http://mastershield.com/gutter-guard-cost-hub/gutter-guard-cost/
137,gutters with leaf guard cost,40,6,1,19,34.4,http://mastershield.com/gutter-guard-cost-hub/gutter-guard-cost/
138,what gutters are best,70,19,1,29,14.8,http://mastershield.com/best-types-of-gutters-to-consider/
139,gutter leaf guard reviews,480,15,1,29,24.42,http://mastershield.com/leafguard-reviews/
140,leaf shield gutter systems,50,14,1,40,51.53,http://mastershield.com/
141,roof overhang gutter,30,3,1,14,0,http://mastershield.com/shingle-overhang/
142,downspout details,90,15,1,17,0.02,http://mastershield.com/downspout-facts/
143,is leaf guard expensive,90,6,1,24,17.06,http://mastershield.com/leaf-guard-cost/
144,microguard gutters,70,15,1,35,6.35,http://mastershield.com/
145,how to fix a leaky roof vent,70,13,1,26,4.12,http://mastershield.com/leaking-roof/
146,gutter glove costco,40,8,1,25,3.96,http://mastershield.com/best-gutter-guards-hub/costco-gutter-guards/
147,leafguard gutter guard reviews,70,15,1,35,15.75,http://mastershield.com/leafguard-reviews/
148,gutter guard material,70,13,1,46,0.98,http://mastershield.com/
149,round gutter guards,50,19,1,12,5.41,http://mastershield.com/half-round-gutter-guards/
150,shingle overhang into gutter,30,3,1,11,0,http://mastershield.com/shingle-overhang/
151,leafguard gutter installation cost,480,11,1,20,27.38,http://mastershield.com/leaf-guard-cost/
152,gutter pine needles,40,13,1,12,18.63,http://mastershield.com/best-gutter-guards-hub/gutter-guards-for-pine-needles/
153,hang lights with gutter guards,50,14,1,27,0.34,http://mastershield.com/gutter-covers-christmas-lights/
154,gutter guard icicles,50,4,1,12,0,http://mastershield.com/icicles-on-gutters/
155,what is the average cost of gutter guards,40,18,1,25,19.92,http://mastershield.com/leaf-guard-cost/
156,how much to gutter guards cost,40,18,1,21,19.07,http://mastershield.com/gutter-guard-cost-hub/gutter-guard-cost/
157,how much does it cost for gutter guards,40,17,1,27,28.35,http://mastershield.com/gutter-guard-cost-hub/gutter-guard-cost/
158,gutter drip guard,70,13,1,20,0.53,http://mastershield.com/shingle-overhang/
159,hail damage on gutters,70,8,1,10,19.35,http://mastershield.com/hail-damage/
160,peeling house paint,50,10,1,29,0,http://mastershield.com/exterior-peeling-paint-advice/
161,how much is a leaf guard system,40,12,1,36,20.88,http://mastershield.com/gutter-guard-cost-hub/gutter-guard-cost/
162,mesh gutter screens,590,15,1,17,2.02,http://mastershield.com/
163,smartscreen gutter guards,40,16,1,19,0.57,http://mastershield.com/
164,microguard gutter guards,70,13,1,21,6.35,http://mastershield.com/
165,what type of gutter is best,50,15,1,26,13.86,http://mastershield.com/best-types-of-gutters-to-consider/
166,how to hang icicle lights with gutter guards,50,19,1,16,0.26,http://mastershield.com/gutter-covers-christmas-lights/
167,micro mesh gutter,480,12,1,18,3.71,http://mastershield.com/
168,what does leaf filter cost per foot,40,7,1,22,8.46,http://mastershield.com/gutter-guard-cost-hub/leaffilter-cost/
169,how much does leaf filter cost on average,40,10,1,24,0,http://mastershield.com/gutter-guard-cost-hub/leaffilter-cost/
170,how much are gutter covers,40,9,1,25,44.56,http://mastershield.com/gutter-guard-cost-hub/gutter-guard-cost/
171,review leaf guard gutters,30,15,1,33,13.19,http://mastershield.com/leafguard-reviews/
172,hang christmas lights on gutters,50,12,1,23,0.25,http://mastershield.com/gutter-covers-christmas-lights/
173,gutter guards cost per linear foot,50,17,1,27,17.09,http://mastershield.com/leaf-guard-cost/
174,4 inch gutter guards lowe's,50,7,1,28,0.53,http://mastershield.com/lowes-gutter-guards/
175,leaffilter average cost,40,8,1,21,14.65,http://mastershield.com/gutter-guard-cost-hub/leaffilter-cost/
176,gutter guards for existing gutters,90,13,1,49,15,http://mastershield.com/
177,hang lights gutter guards,50,16,1,16,0.34,http://mastershield.com/gutter-covers-christmas-lights/
178,how much are leaf guards,40,9,1,31,14.89,http://mastershield.com/gutter-guard-cost-hub/gutter-guard-cost/
179,do leaf guards cause ice dams,40,10,1,14,0,http://mastershield.com/gutter-guard-complaints-hub/icicles-on-gutters/
180,hanging lights on gutter guards,50,10,1,27,0.34,http://mastershield.com/gutter-covers-christmas-lights/
181,how much are gutter guards installed,40,17,1,22,22.07,http://mastershield.com/gutter-guard-cost-hub/gutter-guard-cost/
182,leafguard price per foot,70,6,1,23,20.2,http://mastershield.com/leaf-guard-cost/
183,what is the average cost of leaf guard,30,6,1,22,79.78,http://mastershield.com/gutter-guard-cost-hub/gutter-guard-cost/
184,what is the average cost of leafguard,30,11,1,22,79.78,http://mastershield.com/gutter-guard-cost-hub/gutter-guard-cost/
185,micro mesh gutter filter,50,15,1,24,0.17,http://mastershield.com/
186,costco gutters installation,50,8,1,32,25.42,http://mastershield.com/best-gutter-guards-hub/costco-gutter-guards/
187,what do gutter guards cost,50,13,1,27,21.9,http://mastershield.com/leaf-guard-cost/
188,gutter style options,50,19,1,45,5.07,http://mastershield.com/best-types-of-gutters-to-consider/
189,pine needles gutters,40,17,1,27,18.63,http://mastershield.com/gutter-guards-for-pine-needles/
190,pine needles in gutters,40,12,1,18,18.63,http://mastershield.com/gutter-guards-for-pine-needles/
191,gutters leaders and downspouts,40,13,1,37,4.06,http://mastershield.com/downspout-facts/
192,gutter vs downspout,90,11,1,30,0,http://mastershield.com/downspout-facts/
193,peeling paint exterior,70,5,1,25,0.09,http://mastershield.com/exterior-peeling-paint-advice/
194,clip christmas lights to gutter,50,13,1,28,0,http://mastershield.com/gutter-covers-christmas-lights/
195,gutter extension installation,70,75,0,26,19.175,http://mastershield.com/gutter-extension/
196,how to install vinyl gutters from home depot,50,34,0,36,0,http://mastershield.com/home-depot-gutters/
197,how to hang christmas lights with gutter guards,720,30,0,25,0.46,http://mastershield.com/gutter-covers-christmas-lights/
198,mr gutter guard,30,36,0,25,0,http://mastershield.com/
199,gutter guard knoxville,50,53,0,13,57.36,http://mastershield.com/
200,how to hang icicle lights on gutters with gutter guards,50,22,0,16,0.26,http://mastershield.com/gutter-covers-christmas-lights/
201,micro mesh gutters,480,10,0,17,3.71,http://mastershield.com/
202,gutter protection cost,40,23,0,17,28.51,http://mastershield.com/gutter-guard-cost-hub/gutter-guard-cost/
203,best gutter christmas lights,40,23,0,31,1.77,http://mastershield.com/gutter-covers-christmas-lights/
204,superior gutter guards,70,33,0,20,3.12,http://mastershield.com/
205,sans the roof is leaking,50,34,0,31,0,http://mastershield.com/leaking-roof/
206,how to remove ice dams from gutters,480,42,0,28,10.6,http://mastershield.com/ice-dam-removal/
207,how much is leaf filter,390,26,0,26,12.64,http://mastershield.com/leaf-guard-cost/
208,homeshield foundation repair,140,54,0,21,15.49,http://mastershield.com/house-foundation-repair/
209,gutter guard ratings,50,40,0,41,13.98,http://mastershield.com/best-gutter-guards-hub/leafguard-reviews/
210,gutters that don't need cleaning,40,63,0,29,35.26,http://mastershield.com/gutter-cleaning/
211,do gutters go behind drip edge,70,27,0,21,19.51,http://mastershield.com/shingle-overhang/
212,how to fix a leaky roof,2400,20,0,35,7.84,http://mastershield.com/leaking-roof/
213,why are there icicles on my gutters,40,23,0,18,0,http://mastershield.com/gutter-guard-complaints-hub/icicles-on-gutters/
214,are icicles on gutters bad,70,49,0,15,0,http://mastershield.com/icicles-on-gutters/
215,why are icicles forming on my gutters,50,32,0,15,0,http://mastershield.com/icicles-on-gutters/
216,worst gutter guards consumer reports,90,27,0,27,17.48,http://mastershield.com/gutter-guard-complaints/
217,best gutter cover for pine needles,40,40,0,21,6.58,http://mastershield.com/best-gutter-guards-hub/gutter-guards-for-pine-needles/
218,how to get rid of icicles on gutters,90,26,0,20,0,http://mastershield.com/icicles-on-gutters/
219,what to do if my roof is leaking,70,27,0,21,14.49,http://mastershield.com/leaking-roof/
220,debris guard,70,33,0,15,0.81,http://mastershield.com/
221,champion gutter,50,41,0,18,12.86,http://mastershield.com/
222,foundation damage from gutters,40,45,0,12,0,http://mastershield.com/house-foundation-repair/
223,copper leaf guards,40,22,0,12,3.07,http://mastershield.com/
224,what are the best gutters,70,36,0,23,14.8,http://mastershield.com/best-types-of-gutters-to-consider/
225,leaf guard cost home depot,50,23,0,35,8.69,http://mastershield.com/leaf-guard-cost/
226,roof leader vs downspout,40,64,0,16,0.47,http://mastershield.com/downspout-facts/
227,how much gutter guards cost,40,20,0,24,19.07,http://mastershield.com/gutter-guard-cost-hub/gutter-guard-cost/
228,how much does leaf filter cost per foot installed,40,31,0,24,11.93,http://mastershield.com/gutter-guard-cost-hub/gutter-guard-cost/
229,what are gutters used for,70,39,0,36,0,http://mastershield.com/best-types-of-gutters-to-consider/
230,cost of gutter guard systems,70,20,0,24,17.45,http://mastershield.com/leaf-guard-cost/
231,leafguard gutter protection kent reviews,50,21,0,28,52.21,http://mastershield.com/leafguard-reviews/
232,best leaf guard,70,41,0,43,27.63,http://mastershield.com/best-gutter-guards-hub/leafguard-reviews/
233,how to install gutter guards under shingles,40,4,0,21,6.25,http://mastershield.com/gutter-covers-and-shingles/
234,christmas light clips for gutters with leaf guards,90,22,0,21,0.28,http://mastershield.com/gutter-covers-christmas-lights/
235,clean mesh gutter guard,70,22,0,18,6.34,http://mastershield.com/
236,best gutters for pine needles,50,66,0,21,21.78,http://mastershield.com/best-gutter-guards-hub/gutter-guards-for-pine-needles/
237,cost of leaf filter per foot,70,27,0,24,7.8,http://mastershield.com/leaf-guard-cost/
238,flaking exterior paint,70,28,0,21,0.09,http://mastershield.com/exterior-peeling-paint-advice/
239,ice dams and gutter guards,880,30,0,11,8.1,http://mastershield.com/ice-dam-removal/
240,premier gutter cover,170,37,0,13,2.31,http://mastershield.com/
241,copperguard,50,26,0,16,0.57,http://mastershield.com/aegis-5x/coppercare/
242,should i break icicles off gutters,40,39,0,20,0,http://mastershield.com/gutter-guard-complaints-hub/icicles-on-gutters/
243,does home depot sell gutters,50,19,0,35,2.08,http://mastershield.com/home-depot-gutters/
244,masterguard,720,43,0,20,0.25,http://mastershield.com/
245,should you remove icicles from gutters,40,36,0,22,0,http://mastershield.com/gutter-guard-complaints-hub/icicles-on-gutters/
246,how to maintain gutters,70,26,0,34,2.07,http://mastershield.com/gutter-maintenance/
247,is leaf guard worth the money,70,37,0,25,22.5,http://mastershield.com/leafguard-reviews/
248,maintenance free gutter,50,31,0,12,26.89,http://mastershield.com/
249,best gutter guards consumer reports,1300,47,0,27,14.43,http://mastershield.com/gutter-guard-complaints/
250,should i remove icicles from gutters,40,33,0,23,0,http://mastershield.com/gutter-guard-complaints-hub/icicles-on-gutters/