No,URL,Title,Est. Visits,Backlinks
1,"http://www.angi.com/nearme/moving-companies/","Hire the Best Local Movers Near Me with Reviews",69034,418
2,"http://www.angi.com/nearme/roofing/","Hire the Best Local Roofers Near Me with Reviews",30520,1293
3,"http://www.angi.com/nearme/chimney-cleaning/","Hire the Best Local Chimney cleaners Near Me with Reviews",23984,289
4,"http://www.angi.com/nearme/window-cleaning/","Hire the Best Local Window cleaners Near Me with Reviews",23824,349
5,"http://www.angi.com/","Angi (formerly Angie's List): Home Service Pros",21452,4863882
6,"http://www.angi.com/nearme/samsung-fridge-repair/","Samsung fridge repair pros near you",18011,81
7,"http://www.angi.com/nearme/well-pump-repair-service/","Hire the Best Local Well pump repair pros Near Me with ...",15400,107
8,"http://www.angi.com/nearme/gutter-cleaning/","Hire the Best Local Gutter cleaning pros Near Me with ...",13894,955
9,"http://www.angi.com/articles/how-much-does-repairing-septic-tank-cost.htm","How Much Does Septic Tank Repair Cost? [2026 Data]",12568,109
10,"http://www.angi.com/nearme/tree-service/","Hire the Best Local Tree service pros Near Me with Reviews",11201,755
11,"http://www.angi.com/nearme/plumbing/","Hire the Best Local Plumbers Near Me with Reviews",10777,1474
12,"http://www.angi.com/nearme/metal-roof-installers/","Hire the Best Local Metal roof installation pros Near Me ...",10311,8
13,"http://www.angi.com/nearme/ge-appliance-repair/","Hire the Best Local Ge appliance repair pros Near Me with ...",10226,268
14,"http://www.angi.com/nearme/furniture-reupholstery/","Hire the Best Local Furniture reupholstery pros Near Me ...",9548,877
15,"http://www.angi.com/articles/how-much-does-pest-control-service-cost.htm","Pest Control Cost",8156,437
16,"http://www.angi.com/nearme/tree-removal/","Hire the Best Local Tree removal pros Near Me with Reviews",7825,490
17,"http://www.angi.com/nearme/commercial-cleaning-services/","Hire the Best Local Commercial cleaners Near Me with ...",7762,7
18,"http://www.angi.com/nearme/locksmiths/","Hire the Best Local Locksmiths Near Me with Reviews",7468,1149
19,"http://www.angi.com/nearme/window-repair/","Hire the Best Local Window repair pros Near Me with ...",7365,897
20,"http://www.angi.com/articles/how-much-does-septic-tank-pumping-cost.htm","How Much Does It Cost to Pump a Septic Tank? [2026 Data]",7068,299
21,"http://www.angi.com/nearme/air-conditioning-repair/","Hire the Best Local Air conditioner repair pros Near Me ...",6455,362
22,"http://www.angi.com/nearme/septic-tank-cleaners/","Hire the Best Local Septic tank cleaning pros Near Me with ...",6183,224
23,"http://www.angi.com/articles/cost-dumpster-rental.htm","How Much Does It Cost To Rent A Dumpster? [2026 Data]",6065,129
24,"http://www.angi.com/articles/how-much-does-tree-removal-cost.htm","Tree Removal Cost [2026 Data]",5733,651
25,"http://www.angi.com/nearme/stump-removal/","Hire the Best Local Stump removal pros Near Me with ...",5560,43
26,"http://www.angi.com/nearme/structural-engineers/","Hire the Best Local Structural engineers Near Me with ...",4873,185
27,"http://www.angi.com/nearme/land-clearing-services/","Hire the Best Local Land clearing pros Near Me with Reviews",4830,7
28,"http://www.angi.com/nearme/house-cleaning/","Hire the Best Local House cleaners Near Me with Reviews",4696,942
29,"http://www.angi.com/nearme/pressure-washing/","Hire the Best Local Pressure washers Near Me with Reviews",4524,728
30,"http://www.angi.com/nearme/septic-tank-repair/","Hire the Best Local Septic tank repair pros Near Me with ...",4347,173
31,"http://www.angi.com/nearme/water-clean-up/","Hire the Best Local Water cleanup pros Near Me with ...",4286,23
32,"http://www.angi.com/articles/window-air-conditioner-repair-cost.htm","Window Air Conditioner Repair Cost [2026 Data]",4241,6
33,"http://www.angi.com/nearme/hvac/","Heating and air conditioning pros near you - HVAC",4217,793
34,"http://www.angi.com/nearme/house-appraisers/","Hire the Best Local House appraisers Near Me with Reviews",4185,144
35,"http://www.angi.com/nearme/pool-remodeling/","Hire the Best Local Pool remodeling pros Near Me with ...",4168,12
36,"http://www.angi.com/nearme/repair-pool-heaters/","Hire the Best Local Pool heater repair pros Near Me with ...",4038,6
37,"http://www.angi.com/nearme/mold-removal/","Hire the Best Local Mold removal pros Near Me with Reviews",3973,240
38,"http://www.angi.com/articles/what-expect-chimney-inspection.htm","What Is a Chimney Inspection? What to Expect",3850,96
39,"http://www.angi.com/articles/how-much-does-it-cost-seal-asphalt-driveway.htm","How Much Does It Cost to Seal an Asphalt Driveway?",3799,456
40,"http://www.angi.com/nearme/whirlpool-appliance-repair/","Whirlpool appliance repair pros near you",3765,127
41,"http://www.angi.com/nearme/window-ac-repair/","Hire the Best Local Window ac repair pros Near Me with ...",3714,16
42,"http://www.angi.com/nearme/exterminators/","Hire the Best Local Exterminators Near Me with Reviews",3586,499
43,"http://www.angi.com/articles/how-much-does-repairing-boiler-cost.htm","How Much Does It Cost to Service or Repair a Boiler?",3512,22
44,"http://www.angi.com/nearme/mold-inspection/","Hire the Best Local Mold inspectors Near Me with Reviews",3466,58
45,"http://www.angi.com/nearme/landscaping/","Hire the Best Local Landscapers Near Me with Reviews",3361,1057
46,"http://www.angi.com/nearme/carpet-installation/","Hire the Best Local Carpet installation pros Near Me with ...",2909,57
47,"http://www.angi.com/articles/how-much-should-garage-door-spring-replacement-cost.htm","How Much Does Garage Door Spring Replacement Cost ...",2875,225
48,"http://www.angi.com/nearme/gas-oven-repair/","Hire the Best Local Gas oven repair pros Near Me with ...",2701,109
49,"http://www.angi.com/nearme/fence-companies/","Hire the Best Local Fence pros Near Me with Reviews",2681,761
50,"http://www.angi.com/nearme/septic-tank-companies/","Hire the Best Local Septic tank pros Near Me with Reviews",2668,153
51,"http://www.angi.com/articles/how-much-does-land-survey-cost.htm","How Much Does a Land Survey Cost? [2026 Data]",2614,304
52,"http://www.angi.com/nearme/cabinet-painting/","Hire the Best Local Cabinet painters Near Me with Reviews",2554,51
53,"http://www.angi.com/nearme/emergency-plumbers/","Hire the Best Local Emergency plumbers Near Me with ...",2528,158
54,"http://www.angi.com/nearme/gutter-installation/","Hire the Best Local Gutter installation pros Near Me with ...",2496,278
55,"http://www.angi.com/nearme/washing-machine-repair/","Hire the Best Local Washing machine repair pros Near Me ...",2493,322
56,"http://www.angi.com/nearme/lawn-and-yard-work/","Hire the Best Local Lawn care providers Near Me with ...",2484,769
57,"http://www.angi.com/landing/contact-us","Contact Us",2472,931
58,"http://www.angi.com/nearme/home-remodeling/","Hire the Best Local Home remodelers Near Me with Reviews",2471,123
59,"http://www.angi.com/articles/how-much-does-asbestos-removal-cost.htm","How Much Does Asbestos Removal Cost? [2026 Data]",2226,131
60,"http://www.angi.com/articles/how-much-do-dishwasher-repairs-cost.htm","How Much Does Dishwasher Repair Cost? [2026 Data]",2196,113
61,"http://www.angi.com/nearme/foundation-repair/","Hire the Best Local Foundation repair specialists Near Me ...",2151,214
62,"http://www.angi.com/nearme/repair-tankless-water-heaters/","Hire the Best Local Tankless water heater repair pros Near ...",2053,26
63,"http://www.angi.com/nearme/affordable-roofing/","Hire the Best Local Affordable roofers Near Me with Reviews",2016,32
64,"http://www.angi.com/nearme/handyman-service/","Hire the Best Local Handymen Near Me with Reviews",1961,5177
65,"http://www.angi.com/articles/how-much-hvac-repair-cost.htm","2026 HVAC Repairs Cost: A Comprehensive Price Guide",1959,348
66,"http://www.angi.com/nearme/structural-engineering/","Hire the Best Local Structural engineers Near Me with ...",1931,23
67,"http://www.angi.com/nearme/roof-repair/","Hire the Best Local Roof repair pros Near Me with Reviews",1909,194
68,"http://www.angi.com/nearme/install-chain-link-fence/","Hire the Best Local Chain link fence installation pros Near ...",1833,99
69,"http://www.angi.com/nearme/oven-repair/","Hire the Best Local Oven repair pros Near Me with Reviews",1824,73
70,"http://www.angi.com/nearme/water-damage-restoration/","Water damage restoration pros near you",1822,95
71,"http://www.angi.com/nearme/furniture-cleaners/","Hire the Best Local Furniture cleaning pros Near Me with ...",1814,306
72,"http://www.angi.com/articles/propane-tank-installation-cost.htm","How Much Does Installing a Propane Tank Cost? [2026 Data]",1798,209
73,"http://www.angi.com/nearme/power-washing/","Hire the Best Local Power washing pros Near Me with ...",1797,60
74,"http://www.angi.com/articles/outdoor-faucet-types.htm","7 Types Of Outdoor Faucets: Pros & Cons",1736,31
75,"http://www.angi.com/nearme/gardeners/","Hire the Best Local Gardeners Near Me with Reviews",1729,276
76,"http://www.angi.com/nearme/carpet-cleaning/","Hire the Best Local Carpet cleaners Near Me with Reviews",1683,861
77,"http://www.angi.com/articles/how-much-does-window-cleaning-cost.htm","How Much Does Window Cleaning Cost? [2026 Data]",1599,229
78,"http://www.angi.com/nearme/welding-services/","Hire the Best Local Welding pros Near Me with Reviews",1592,98
79,"http://www.angi.com/nearme/roof-cleaning/","Hire the Best Local Roof cleaners Near Me with Reviews",1589,18
80,"http://www.angi.com/articles/shower-drain-plumbing-diagram.htm","How a Shower Drain Works: Plumbing Diagram",1578,3
81,"http://www.angi.com/articles/how-much-does-it-cost-install-wood-fence.htm","How Much Does Wood Fence Installation Cost? [2026 Data]",1574,50
82,"http://www.angi.com/nearme/water-heater-repair/","Hire the Best Local Water heater repair pros Near Me with ...",1555,107
83,"http://www.angi.com/articles/how-much-does-bathtub-refinishing-cost.htm","How Much Does Bathtub Refinishing Cost? [2026 Data]",1541,116
84,"http://www.angi.com/articles/how-much-does-it-cost-install-asphalt-driveway.htm","How Much Does an Asphalt Driveway Cost in 2026?",1492,354
85,"http://www.angi.com/nearme/electrical/","Hire the Best Local Electricians Near Me with Reviews",1491,1031
86,"http://www.angi.com/nearme/","Local Services & Companies Near Me",1489,1094787
87,"http://www.angi.com/articles/types-of-radiators.htm","7 Types of Radiators",1463,0
88,"http://www.angi.com/articles/how-much-do-window-repairs-cost.htm","2026 Window Repair Cost | Angi",1460,247
89,"http://www.angi.com/articles/how-much-does-pest-control-service-cost/pa/philadelphia","How Much Does Pest Control Cost in Philadelphia, PA?",1404,4
90,"http://www.angi.com/articles/how-much-does-it-cost-deliver-concrete.htm","Concrete Cost Per Yard [2026 Data]",1389,76
91,"http://www.angi.com/articles/asphalt-driveway-repair-cost.htm","Asphalt Driveway Repair Cost in 2026",1381,75
92,"http://www.angi.com/articles/concrete-slab-cost.htm","How Much Does a New Concrete Slab Cost? [2026 Data]",1352,105
93,"http://www.angi.com/nearme/drain-cleaning/","Hire the Best Local Drain cleaners Near Me with Reviews",1323,87
94,"http://www.angi.com/companylist/us/oh/columbus/paint-and-rollers-reviews-11163554.htm","Paint and Rollers Reviews - Columbus, OH",1323,0
95,"http://www.angi.com/articles/cellar-spider-vs-brown-recluse.htm","Cellar Spider vs. Brown Recluse",1306,0
96,"http://www.angi.com/articles/baseboard-heater-not-working.htm","Baseboard Heater Not Working? 8 Common Issues and ...",1300,0
97,"http://www.angi.com/nearme/wood-floor-installers/","Hire the Best Local Wood floor installation pros Near Me ...",1283,81
98,"http://www.angi.com/articles/water-heater-flush-cost.htm","How Much Does It Cost to Flush a Water Heater? [2026 Data]",1279,281
99,"http://www.angi.com/nearme/furnace-repair/","Hire the Best Local Furnace repair pros Near Me with ...",1277,184
100,"http://www.angi.com/articles/3-common-tree-diseases.htm","15 Tree Fungus Types: How to Identify (and Treat) Them",1273,16
101,"http://www.angi.com/articles/plumber-cost-to-fix-leaky-faucet.htm","Cost to Fix Leaky Faucet [2026 Data]",1235,13
102,"http://www.angi.com/articles/how-much-do-roof-repairs-cost.htm","How Much Does Roof Repair Cost? [2026 Data]",1225,252
103,"http://www.angi.com/articles/how-much-does-chimney-sweep-cost.htm","How Much Does a Chimney Sweep Cost? [2026 Data]",1208,228
104,"http://www.angi.com/articles/how-much-does-walk-in-shower-cost.htm","How Much Does a Walk-In Shower Cost? (2026 Data)",1197,97
105,"http://www.angi.com/articles/how-to-replace-door-frame.htm","DIY Guide: How to Replace a Door Frame Yourself",1181,12
106,"http://www.angi.com/nearme/install-home-theater/","Hire the Best Local Home theater installation pros Near Me ...",1159,39
107,"http://www.angi.com/nearme/samsung-dryer-repair/","Hire the Best Local Samsung dryer repair pros Near Me ...",1148,11
108,"http://www.angi.com/articles/how-much-does-water-heater-installation-cost.htm","How Much Does Water Heater Replacement Cost? [2026 ...",1114,1210
109,"http://www.angi.com/nearme/roof-leak-repair/","Hire the Best Local Roof leak repair pros Near Me with ...",1098,38
110,"http://www.angi.com/articles/how-much-does-it-cost-pressure-wash-house.htm","How Much Does It Cost to Pressure Wash a House? [2026 ...",1098,372
111,"http://www.angi.com/articles/what-is-drum-washing-machine.htm","What Is the Drum of a Washing Machine?",1084,0
112,"http://www.angi.com/articles/what-is-pole-barn.htm","What Is a Pole Barn? | Pole Barn Pros, Cons, and Uses",1084,22
113,"http://www.angi.com/articles/how-much-does-tankless-water-heater-cost.htm","How Much Does a Tankless Water Heater Cost? [2026 Data]",1077,105
114,"http://www.angi.com/articles/general-house-cleaning-vs-deep-cleaning.htm","What Is Deep Cleaning?",1076,1419
115,"http://www.angi.com/articles/insider-s-price-guide-new-heating-and-cooling-system.htm","How Much Does HVAC Replacement Cost? [2026 Data]",1048,660
116,"http://www.angi.com/nearme/sewer-service/","Hire the Best Local Sewer pros Near Me with Reviews",1038,94
117,"http://www.angi.com/nearme/furnace-cleaners/","Hire the Best Local Furnace cleaning pros Near Me with ...",1023,51
118,"http://www.angi.com/articles/types-of-pine-trees-for-landscaping.htm","10 Types of Pine Trees for Your Landscaping",1023,0
119,"http://www.angi.com/articles/furnace-blower-motor-cost.htm","How Much Does a Blower Motor Replacement Cost in 2026?",1004,74
120,"http://www.angi.com/articles/what-jack-and-jill-bathroom.htm","What Is a Jack And Jill Bathroom?",1003,84
121,"http://www.angi.com/nearme/install-boiler/","Hire the Best Local Boiler installation pros Near Me with ...",1001,19
122,"http://www.angi.com/nearme/air-duct-cleaning/","Hire the Best Local Air duct cleaners Near Me with Reviews",998,664
123,"http://www.angi.com/nearme/metal-fabrication/","Hire the Best Local Metal fabricators Near Me with Reviews",997,129
124,"http://www.angi.com/nearme/painting/","Hire the Best Local Painters Near Me with Reviews",993,232
125,"http://www.angi.com/articles/turn-on-radiator.htm","How to Turn On a Radiator and Heat Up a Room in 8 Steps",988,2
126,"http://www.angi.com/nearme/pool-liner-installation/","Hire the Best Local Pool liner installation pros Near Me ...",979,46
127,"http://www.angi.com/articles/how-much-does-concrete-walkway-cost.htm","2026 Concrete Walkway and Sidewalk Cost",959,27
128,"http://www.angi.com/nearme/natural-gas-plumbers/","Hire the Best Local Natural gas plumbers Near Me with ...",957,130
129,"http://www.angi.com/articles/how-much-does-garage-door-opener-cost.htm","How Much Does Garage Door Opener Installation Cost ...",951,360
130,"http://www.angi.com/nearme/repair-sump-pumps/","Hire the Best Local Sump pump repair pros Near Me with ...",951,14
131,"http://www.angi.com/articles/what-does-it-cost-install-septic-system.htm","How Much Does a Septic System Cost? [2026 Data]",939,252
132,"http://www.angi.com/nearme/boiler-repair/","Hire the Best Local Boiler repair pros Near Me with Reviews",904,49
133,"http://www.angi.com/nearme/mini-split-installation/","Hire the Best Local Mini split installation pros Near Me with ...",897,5
134,"http://www.angi.com/articles/door-latch-types.htm","11 Common Door Latch Types and How They Work",880,4
135,"http://www.angi.com/nearme/repair-heat-pumps/","Hire the Best Local Heat pump repair pros Near Me with ...",878,30
136,"http://www.angi.com/nearme/pool-cleaners/","Hire the Best Local Pool cleaners Near Me with Reviews",856,82
137,"http://www.angi.com/articles/how-much-does-gutter-cleaning-cost.htm","How Much Does Gutter Cleaning Cost? [2026 Data]",854,175
138,"http://www.angi.com/articles/how-much-does-common-furnace-repair-cost.htm","How Much Does the Average Furnace Repair Cost? [2026 ...",853,84
139,"http://www.angi.com/careers/jobs","Careers",852,34
140,"http://www.angi.com/articles/how-many-steps-flight-stairs.htm","How Many Steps Are in a Flight of Stairs?",847,312
141,"http://www.angi.com/articles/sheetrock-vs-drywall.htm","Sheetrock vs. Drywall: What's the Difference?",828,33
142,"http://www.angi.com/articles/how-much-does-refrigerator-compressor-cost.htm","How Much Does a Refrigerator Compressor Cost? [2026 ...",826,272
143,"http://www.angi.com/articles/how-much-does-annual-snow-removal-contract-cost.htm","How Much Does Snow Removal Cost? [2026 Data]",814,50
144,"http://www.angi.com/nearme/bathroom-remodelers/","Hire the Best Local Bathroom remodel pros Near Me with ...",812,341
145,"http://www.angi.com/nearme/pool-repair/","Hire the Best Local Pool repair pros Near Me with Reviews",810,20
146,"http://www.angi.com/articles/types-of-driveways.htm","10 Types of Driveways: Pros, Cons, and Costs",797,13
147,"http://www.angi.com/articles/plumbing-problems.htm","18 Common Plumbing Problems and How to Resolve Them",782,198
148,"http://www.angi.com/nearme/garage-opener-repair/","Hire the Best Local Garage opener repair pros Near Me ...",755,43
149,"http://www.angi.com/articles/how-much-washing-machine-repair-costs.htm","How Much Does Washing Machine Repair Cost? [2026 Data]",753,105
150,"http://www.angi.com/nearme/sprinkler-blowout/","Hire the Best Local Sprinkler blowout pros Near Me with ...",752,23
151,"http://www.angi.com/articles/how-much-does-stump-grinding-cost.htm","Stump Grinding Cost [2026 Data]",749,52
152,"http://www.angi.com/nearme/home-additions/","Hire the Best Local Home addition contractors Near Me ...",737,51
153,"http://www.angi.com/articles/how-much-paint-gallon-weighs.htm","How Much Does a Gallon of Paint Weigh?",736,168
154,"http://www.angi.com/articles/plumber-cost.htm","How Much Does Plumbing Repair Cost? [2026 Data]",734,381
155,"http://www.angi.com/nearme/lawn-dethatching/","Hire the Best Local Lawn dethatching pros Near Me with ...",730,2
156,"http://www.angi.com/articles/how-much-does-building-stairs-and-railings-cost.htm","How Much Does It Cost to Repair Stairs? [2026 Data]",723,74
157,"http://www.angi.com/companylist/us/ga/conyers/plumbing.htm","Top 10 Best Plumbers in Conyers, GA",722,114
158,"http://www.angi.com/companylist/us/sc/johns-island/pacheco-contracting-llc-reviews-9139005.htm","Pacheco Contracting LLC Reviews - Johns Island, SC",719,95
159,"http://www.angi.com/articles/how-much-does-installing-or-replacing-plumbing-pipes-cost.htm","What Does Pipe Replacement Cost? [2026 Data]",719,40
160,"http://www.angi.com/articles/joist-vs-beam.htm","Joist vs. Beam: What's the Difference?",713,2
161,"http://www.angi.com/nearme/exterior-painting/","Hire the Best Local Exterior painters Near Me with Reviews",711,884
162,"http://www.angi.com/nearme/house-leveling/","Hire the Best Local House leveling pros Near Me with ...",708,57
163,"http://www.angi.com/nearme/landscape-grading/","Hire the Best Local Landscape grading pros Near Me with ...",707,114
164,"http://www.angi.com/articles/how-much-does-rat-exterminator-cost.htm","How Much Does a Rat Exterminator Cost? [2026 Data]",700,472
165,"http://www.angi.com/articles/how-much-does-mold-remediation-service-cost.htm","How Much Does Mold Remediation Cost? [2026 Data]",695,268
166,"http://www.angi.com/articles/how-much-does-it-cost-install-swimming-pool-heater.htm","How Much Does a Pool Heater Cost to Install? [2026 Data]",694,46
167,"http://www.angi.com/landing/how-it-works","How Does Angi Work",694,916
168,"http://www.angi.com/companylist/us/co/denver/plumbing.htm","Top 10 Best Plumbers in Denver, CO",683,12
169,"http://www.angi.com/nearme/deck-builders/","Hire the Best Local Deck builders Near Me with Reviews",678,165
170,"http://www.angi.com/nearme/storm-drain-installation/","Hire the Best Local Storm drain installation pros Near Me ...",677,8
171,"http://www.angi.com/articles/parts-of-a-house.htm","Parts of a House: Understanding the Anatomy of a Home",674,11
172,"http://www.angi.com/articles/seamless-gutters-cost.htm","How Much Do Seamless Gutters Cost to Install? [2026 Data]",656,26
173,"http://www.angi.com/articles/ac-compressor-cost.htm","How Much Does an AC Compressor Cost? [2026 Data]",655,25
174,"http://www.angi.com/companylist/us/ca/san-diego/plumbing.htm","Top 10 Best Plumbers in San Diego, CA",635,68
175,"http://www.angi.com/nearme/gutter-repair-replacement/","Gutter repair and replacement pros near you",634,642
176,"http://www.angi.com/articles/how-much-does-it-cost-repair-fascia-and-soffit.htm","How Much Does Soffit and Fascia Repair Cost? [2026 Data]",629,93
177,"http://www.angi.com/nearme/ant-exterminators/","Hire the Best Local Ant exterminators Near Me with Reviews",628,26
178,"http://www.angi.com/nearme/contractor/","Hire the Best Local Contractors Near Me with Reviews",627,796
179,"http://www.angi.com/nearme/install-chimney-caps/","Hire the Best Local Chimney cap installation pros Near Me ...",625,40
180,"http://www.angi.com/articles/what-is-coax-outlet.htm","What is a Coax Outlet?",624,6
181,"http://www.angi.com/nearme/mice-exterminator/","Hire the Best Local Mice exterminators Near Me with ...",620,115
182,"http://www.angi.com/articles/can-i-plumb-code-my-washing-machine-drain-same-group-drains-bathroom.htm","What Is Code for a Washing Machine Drain?",614,27
183,"http://www.angi.com/nearme/paver-installation/","Hire the Best Local Paver installation pros Near Me with ...",612,54
184,"http://www.angi.com/articles/keys-home-locksmith-assistance-and-costs.htm","How Much Does It Cost to Hire a Locksmith? [2026 Data]",610,218
185,"http://www.angi.com/nearme/repair-sewer-line/","Hire the Best Local Sewer line repair pros Near Me with ...",607,65
186,"http://www.angi.com/articles/how-much-cost-repair-siding.htm","How Much Does Siding Repair Cost? [2026 Data]",603,50
187,"http://www.angi.com/articles/bump-out-cost.htm","How Much Does a Bump-Out Addition Cost? [2026 Data]",602,30
188,"http://www.angi.com/nearme/carpet-stretching/","Hire the Best Local Carpet stretching pros Near Me with ...",597,73
189,"http://www.angi.com/nearme/wood-floor-refinishing/","Wood floor refinishing pros near you",595,282
190,"http://www.angi.com/nearme/sink-reglazing/","Hire the Best Local Sink reglazing pros Near Me with ...",593,30
191,"http://www.angi.com/landing/careers","Careers",591,9624
192,"http://www.angi.com/articles/epoxy-flooring-costs-advantages-and-installation.htm","How Much Does Epoxy Flooring Cost? [2026 Data]",590,53
193,"http://www.angi.com/articles/how-much-does-it-cost-resurface-swimming-pool.htm","How Much Does Pool Resurfacing Cost? [2026 Data]",589,147
194,"http://www.angi.com/companylist/us/fl/jacksonville/roofing.htm","Top 10 Best Roofers in Jacksonville, FL",588,14
195,"http://www.angi.com/articles/how-much-does-it-cost-pave-driveway.htm","How Much Does It Cost to Pave a Driveway? [2026 Data]",584,95
196,"http://www.angi.com/companylist/us/fl/kissimmee/av-services-7-reviews-1.htm","A&V Services 7 Reviews - Kissimmee, FL",582,0
197,"http://www.angi.com/articles/how-much-does-well-pump-replacement-cost.htm","How Much Does Well Pump Replacement Cost? [2026 Data]",579,55
198,"http://www.angi.com/nearme/pool-pump-repair/","Hire the Best Local Pool pump repair pros Near Me with ...",577,28
199,"http://www.angi.com/articles/garage-extension-cost.htm","How Much Does a Garage Extension Cost? [2026 Data]",577,17
200,"http://www.angi.com/companylist/us/pa/easton/snowscapes-reviews-8523163.htm","SnowScapes Reviews - Easton, PA",577,2
201,"http://www.angi.com/companylist/us/la/new-orleans/zabala-roofing-construction-llc-reviews-1.htm","Zabala Roofing & Construction, LLC Reviews",574,3
202,"http://www.angi.com/articles/how-much-does-it-cost-install-pool.htm","How Much Does an In-Ground Pool Cost? [2026 Data]",573,260
203,"http://www.angi.com/nearme/screen-porch-builders/","Hire the Best Local Screen porch builders Near Me with ...",572,56
204,"http://www.angi.com/nearme/flooring/","Hire the Best Local Flooring contractors Near Me with ...",569,663
205,"http://www.angi.com/articles/signs-termites-baseboards.htm","Signs You Have Termites in Your Baseboards",567,0
206,"http://www.angi.com/articles/dryer-repair-cost.htm","How Much Does Dryer Repair Cost? [2026 Data]",558,3
207,"http://www.angi.com/articles/mobile-home-skirting-installation.htm","How Much Does Mobile Home Skirting Installation Cost ...",557,24
208,"http://www.angi.com/articles/how-much-does-water-main-repair-cost.htm","How Much Does It Cost to Repair a Main Water Line? ...",554,52
209,"http://www.angi.com/nearme/home-inspection/","Hire the Best Local Home inspectors Near Me with Reviews",554,51
210,"http://www.angi.com/companylist/us/il/tinley-park/plumbing.htm","Top 10 Best Plumbers in Tinley Park, IL",553,92
211,"http://www.angi.com/nearme/door-installation/","Hire the Best Local Door installation pros Near Me with ...",544,574
212,"http://www.angi.com/articles/return-air-vs-supply-air.htm","Return Air vs. Supply Air: What's the Difference?",543,1
213,"http://www.angi.com/nearme/home-automation/","Hire the Best Local Home automation specialists Near Me ...",543,27
214,"http://www.angi.com/nearme/appliance-repair/","Hire the Best Local Appliance repair pros Near Me with ...",537,1123
215,"http://www.angi.com/nearme/electric-repair/","Hire the Best Local Electrical repair pros Near Me with ...",537,182
216,"http://www.angi.com/articles/toilet-drain-pipe-size.htm","What Is the Best Toilet Drain Pipe Size?",534,4
217,"http://www.angi.com/articles/roof-framing-parts.htm","12 Parts of Roof Framing You Should Know",534,2
218,"http://www.angi.com/articles/cost-change-outside-electrical-meter-box.htm","Electricity Meter Replacement Cost",533,96
219,"http://www.angi.com/nearme/hauling/","Hire the Best Local Haulers Near Me with Reviews",527,749
220,"http://www.angi.com/companylist/us/tn/memphis/roofing.htm","Top 10 Best Roofers in Memphis, TN",527,10
221,"http://www.angi.com/nearme/install-security-cameras/","Hire the Best Local Security camera installation pros Near ...",527,414
222,"http://www.angi.com/articles/how-much-does-gutter-replacement-cost/ca/los-angeles","How Much Does Gutter Installation Cost in Los Angeles, CA?",526,1
223,"http://www.angi.com/articles/cord-of-wood-cost.htm","How Much Does a Cord of Wood Cost? [2026 Data]",525,87
224,"http://www.angi.com/companylist/us/ca/los-angeles/plumbing.htm","Top 10 Best Plumbers in Los Angeles, CA",523,37
225,"http://www.angi.com/nearme/metal-roofing-repair/","Hire the Best Local Metal roofing repair pros Near Me with ...",520,7
226,"http://www.angi.com/nearme/home-builders/","Hire the Best Local Home builders Near Me with Reviews",519,830
227,"http://www.angi.com/nearme/dock-builders/","Hire the Best Local Dock builders Near Me with Reviews",518,7
228,"http://www.angi.com/nearme/repair-chain-link-fence/","Hire the Best Local Chain link fence repair pros Near Me ...",517,6
229,"http://www.angi.com/articles/basement-foundation.htm","Basement Foundation: Types, Pros, and Cons",507,6
230,"http://www.angi.com/articles/pest-inspection-cost.htm","How Much Does a Pest Inspection Cost? [2026 Data]",506,8
231,"http://www.angi.com/articles/how-much-flea-exterminator-cost.htm","Flea Exterminator Cost [2026 Data]",503,23
232,"http://www.angi.com/nearme/snow-removal/","Hire the Best Local Snow removal pros Near Me with ...",501,61
233,"http://www.angi.com/nearme/storm-damage/","Hire the Best Local Storm damage pros Near Me with ...",497,4
234,"http://www.angi.com/articles/sewer-camera-inspection-cost.htm","How Much Does a Sewer Line Camera Inspection Cost ...",491,229
235,"http://www.angi.com/articles/cost-plaster-walls.htm","How Much Does Plastering Walls and Ceilings Cost? (2026)",490,30
236,"http://www.angi.com/articles/how-much-does-it-cost-hire-electrician.htm","How Much Does an Electrician Cost to Hire? [2026 Data]",487,121
237,"http://www.angi.com/nearme/ge-washer-repair/","Hire the Best Local Ge washer repair pros Near Me with ...",485,21
238,"http://www.angi.com/articles/how-much-does-bed-bug-extermination-cost.htm","Bed Bug Treatment Costs [2026 Data]",483,1946
239,"http://www.angi.com/articles/how-much-does-junk-removal-cost.htm","How Much Does Junk Removal Cost? [2026 Data]",479,103
240,"http://www.angi.com/nearme/lawn-care/","Hire the Best Local Lawn care pros Near Me with Reviews",477,285
241,"http://www.angi.com/nearme/pool-services/","Hire the Best Local Pool pros Near Me with Reviews",476,148
242,"http://www.angi.com/nearme/furniture-moving/","Hire the Best Local Furniture moving pros Near Me with ...",476,71
243,"http://www.angi.com/articles/mold-inspection-professionals-and-costs.htm","How Much Does a Mold Inspection Cost? [2026 Data]",474,99
244,"http://www.angi.com/articles/how-much-do-home-additions-cost.htm","How Much Does a Home Addition Cost? [2026 Data]",473,138
245,"http://www.angi.com/articles/how-much-does-lawn-mowing-cost.htm","Lawn Mowing Cost [2026 Data]",471,375
246,"http://www.angi.com/articles/how-much-does-well-drilling-cost.htm","How Much Does Well Drilling Cost? [2026 Data]",467,113
247,"http://www.angi.com/articles/gravel-prices.htm","What Are Average Gravel Prices? [2026 Data]",464,57
248,"http://www.angi.com/nearme/concrete-companies/","Hire the Best Local Concrete pros Near Me with Reviews",462,224
249,"http://www.angi.com/articles/cost-paint-house-exterior.htm","How Much Does It Cost to Paint the Exterior of a House? ...",460,145
250,"http://www.angi.com/articles/squirrel-vs-rat-poop.htm","What's the Difference Between Squirrel Poop and Rat Poop?",460,1
251,"http://www.angi.com/articles/pool-water-delivery-to-fill-pool.htm","Pool Water Delivery: How to Fill a Pool With Water Fast",457,9
252,"http://www.angi.com/nearme/vinyl-siding-cleaning/","Hire the Best Local Vinyl siding cleaning pros Near Me with ...",454,12
253,"http://www.angi.com/nearme/arborists/","Hire the Best Local Arborists Near Me with Reviews",452,110
254,"http://www.angi.com/nearme/granite-countertop-companies/","Hire the Best Local Granite countertop installation pros ...",446,242
255,"http://www.angi.com/articles/how-much-does-it-cost-install-electric-furnace.htm","How Much Does an Electric Furnace Cost to Install? [2026 ...",445,21
256,"http://www.angi.com/articles/freeze-proof-faucets.htm","Freeze Proof Faucets: How They Work & How to Install",445,58
257,"http://www.angi.com/nearme/driveway-sealcoating/","Driveway sealcoating pros near you",442,335
258,"http://www.angi.com/nearme/computer-repair/","Hire the Best Local Computer repair technicians Near Me ...",441,941
259,"http://www.angi.com/articles/average-gas-line-repair-and-installation-costs.htm","Gas Line Repair and Replacement Costs [2026 Data]",437,84
260,"http://www.angi.com/nearme/yard-clean-up/","Hire the Best Local Yard cleanup pros Near Me with Reviews",436,119
261,"http://www.angi.com/articles/ceiling-joist-spacing.htm","Understanding Standard Ceiling Joist Spacing",432,1
262,"http://www.angi.com/nearme/gutter-guards-covers/","Hire the Best Local Gutter guard cover pros Near Me with ...",429,19
263,"http://www.angi.com/nearme/shower-installers/","Hire the Best Local Shower installation pros Near Me with ...",427,150
264,"http://www.angi.com/articles/how-much-does-it-cost-install-outdoor-water-faucet.htm","How Much Does Outdoor Spigot Replacement Cost? [2026 ...",426,158
265,"http://www.angi.com/articles/microwave-repair-and-what-it-costs.htm","How Much Does Microwave Repair Cost? [2026 Data]",425,212
266,"http://www.angi.com/nearme/home-glass-repair/","Hire the Best Local Home glass repair pros Near Me with ...",423,305
267,"http://www.angi.com/articles/save-money-replacing-heat-ac-same-time.htm","How Much Does a New Furnace and AC Cost? [2026 Data]",423,101
268,"http://www.angi.com/nearme/water-heater-installation/","Water heater installation pros near you",418,47
269,"http://www.angi.com/articles/door-sill-vs-threshold.htm","Door Sill vs. Threshold: What's the Difference?",418,1
270,"http://www.angi.com/nearme/interior-painting/","Hire the Best Local Interior painters Near Me with Reviews",417,846
271,"http://www.angi.com/nearme/window-companies/","Hire the Best Local Window contractors Near Me with ...",415,583
272,"http://www.angi.com/articles/how-much-does-it-cost-paint-interior-house.htm","How Much Does It Cost to Paint the Interior of a House? ...",413,160
273,"http://www.angi.com/nearme/restore-fire-damage/","Fire damage restoration pros near you",413,64
274,"http://www.angi.com/nearme/plumbing-repair/","Hire the Best Local Plumbing repair pros Near Me with ...",411,148
275,"http://www.angi.com/articles/how-to-remove-toilet-seat.htm","How To Remove or Replace a Toilet Seat",409,0
276,"http://www.angi.com/articles/fascia-cost.htm","How Much Does Fascia Board Replacement Cost? [2026 ...",407,105
277,"http://www.angi.com/nearme/duct-installers/","Hire the Best Local Duct installation pros Near Me with ...",404,4
278,"http://www.angi.com/articles/how-much-does-it-cost-install-wrought-iron-fence.htm","How Much Does Wrought Iron Fence Installation Cost ...",404,36
279,"http://www.angi.com/nearme/hot-tub-repair/","Hire the Best Local Hot tub repair pros Near Me with Reviews",404,49
280,"http://www.angi.com/articles/cost-to-rent-trencher.htm","How Much Does It Cost to Rent a Trencher? [2026 Data]",403,1
281,"http://www.angi.com/articles/discover-key-choosing-reputable-locksmith.htm","Cara Menemukan Tukang Kunci | Angi",398,91
282,"http://www.angi.com/nearme/electrolux-repair/","Hire the Best Local Electrolux repair pros Near Me with ...",397,27
283,"http://www.angi.com/articles/when-broken-lock-isnt-broken-lock.htm","How to Repair Your Door Lock in 8 Simple Steps",397,14
284,"http://www.angi.com/articles/cost-to-install-water-line-for-refrigerator.htm","Cost to Install Water Line for Refrigerator [2026 Data]",396,3
285,"http://www.angi.com/nearme/vinyl-floor-companies/","Hire the Best Local Vinyl floor installation pros Near Me ...",396,105
286,"http://www.angi.com/articles/what-are-common-handyman-prices.htm","How Much Does It Cost to Hire a Handyman? [2026 Data]",395,4923
287,"http://www.angi.com/articles/should-i-get-plumbing-service-agreement.htm","Plumbing Service Contracts: What You Need to Know",395,21
288,"http://www.angi.com/articles/how-much-does-sump-pump-replacement-cost.htm","Average Sump Pump Replacement Cost [2026 Data]",393,49
289,"http://www.angi.com/articles/termite-damage-repair-cost.htm","Termite Damage Repair Cost [2026 Data]",387,94
290,"http://www.angi.com/nearme/chimney-liner-installation/","Hire the Best Local Chimney liner installation pros Near Me ...",383,5
291,"http://www.angi.com/nearme/wood-stove-repair/","Hire the Best Local Wood stove repair pros Near Me with ...",382,50
292,"http://www.angi.com/articles/how-much-should-it-cost-change-shower-cartridge.htm","Average Shower Cartridge Replacement Costs: 2026 Guide",379,66
293,"http://www.angi.com/articles/asphalt-millings-cost.htm","How Much Do Asphalt Millings Cost? [2026 Data]",377,1
294,"http://www.angi.com/articles/how-much-does-sunroom-cost.htm","How Much Does a Sunroom Addition Cost? [2026 Data]",377,64
295,"http://www.angi.com/articles/how-much-does-dryer-vent-cleaning-cost.htm","How Much Does Dryer Vent Cleaning Cost? [2026 Data]",375,96
296,"http://www.angi.com/articles/how-much-does-pest-control-service-cost/ny/new-york","How Much Does Pest Control Cost in New York, NY?",375,79
297,"http://www.angi.com/nearme/tv-antenna/","Hire the Best Local Tv antenna pros Near Me with Reviews",375,6
298,"http://www.angi.com/articles/how-much-does-mudjacking-cost.htm","How Much Does Mudjacking Cost? [2026 Data]",370,31
299,"http://www.angi.com/articles/signs-of-structural-damage.htm","10 Signs of Structural Damage in Your Home",369,41
300,"http://www.angi.com/articles/how-much-does-solar-water-heater-cost.htm","How Much Does a Solar Water Heater Cost? [2026 Data]",368,332
301,"http://www.angi.com/articles/how-many-amps-does-a-fridge-use.htm","How Many Amps Does a Fridge Use?",367,11
302,"http://www.angi.com/articles/chimney-inspection-cost.htm","How Much Does a Chimney Inspection Cost? [2026 Data]",366,32
303,"http://www.angi.com/articles/how-much-new-drain-fields-foot.htm","Cost to Replace Septic Tank and Drain Field [2026 Data]",363,170
304,"http://www.angi.com/companylist/us/nv/las-vegas/landscaping.htm","Top 10 Best Landscapers in Las Vegas, NV",362,37
305,"http://www.angi.com/articles/how-much-does-boiler-installation-cost/ny/new-york","How Much Does Boiler Replacement Cost in New York, NY?",358,1
306,"http://www.angi.com/nearme/repair-freezers/","Hire the Best Local Freezer repair pros Near Me with ...",357,23
307,"http://www.angi.com/articles/vinyl-windows-installation-cost.htm","How Much Does It Cost to Install Vinyl Windows?",356,2
308,"http://www.angi.com/articles/should-i-seal-my-concrete-or-asphalt-driveway.htm","Pros and Cons of Sealing Asphalt and Concrete Driveways",356,63
309,"http://www.angi.com/companylist/us/mi/detroit/moving.htm","Top 10 Best Movers in Detroit, MI",356,4
310,"http://www.angi.com/nearme/maytag-appliance-repair/","Hire the Best Local Maytag appliance repair pros Near Me ...",355,227
311,"http://www.angi.com/articles/what-is-strike-plate-in-a-door.htm","What Is A Strike Plate In A Door and Is It Necessary?",354,5
312,"http://www.angi.com/nearme/lg-appliance-repair/","Hire the Best Local Lg appliance repair pros Near Me with ...",353,52
313,"http://www.angi.com/articles/how-much-does-bathtub-refinishing-cost/wa/seattle","How Much Does Bathtub Refinishing Cost in Seattle, WA?",353,0
314,"http://www.angi.com/articles/who-fixes-dryers.htm","Who Fixes Dryers? Here's Who to Call",351,0
315,"http://www.angi.com/nearme/lawn-irrigation/","Lawn irrigation specialists near you - Sprinkler System",351,693
316,"http://www.angi.com/nearme/land-surveying/","Hire the Best Local Land surveyors Near Me with Reviews",351,874
317,"http://www.angi.com/articles/how-to-tell-fuse-blown.htm","How To Tell If A Fuse Is Blown In House",350,42
318,"http://www.angi.com/nearme/emergency-appliance-repair/","Emergency appliance repair pros near you",347,89
319,"http://www.angi.com/articles/cost-to-rent-power-washer.htm","How Much Does It Cost to Rent a Pressure Washer? [2026 ...",346,11
320,"http://www.angi.com/articles/what-s-it-cost-replace-garbage-disposal.htm","How Much Does It Cost to Replace a Garbage Disposal ...",344,157
321,"http://www.angi.com/articles/linoleum-flooring-cost.htm","How Much Does Linoleum Flooring Cost? [2026 Data]",343,3
322,"http://www.angi.com/nearme/lock-repair-services/","Hire the Best Local Lock repair pros Near Me with Reviews",342,9
323,"http://www.angi.com/articles/how-much-does-it-cost-hire-tree-service.htm","How Much Does Tree Maintenance Cost? [2026 Data]",341,116
324,"http://www.angi.com/articles/sliding-glass-door-repair-cost.htm","How Much Does Sliding Glass Door Repair Cost? [2026 ...",341,44
325,"http://www.angi.com/nearme/home-security-systems/","Hire the Best Local Home security system pros Near Me ...",341,116
326,"http://www.angi.com/articles/cost-replace-cap-and-3-feet-bricks-chimney.htm","How Much Does a Chimney Cap Replacement Cost ...",340,15
327,"http://www.angi.com/articles/how-much-does-it-cost-repair-vinyl-swimming-pool-liner.htm","How Much Does a Pool Liner Replacement Cost ...",338,41
328,"http://www.angi.com/articles/how-much-does-it-cost-hire-house-cleaner/ca/los-angeles","How Much Does Professional House Cleaning Cost in Los ...",336,2
329,"http://www.angi.com/articles/cost-to-replace-heating-element-in-dryer.htm","Cost to Replace a Heating Element in a Dryer [2026 Data]",335,6
330,"http://www.angi.com/articles/how-handle-emergency-roof-repair.htm","Emergency Roof Repair: Everything You Need to Know",335,128
331,"http://www.angi.com/companylist/us/ok/oklahoma-city/plumbing.htm","Top 10 Best Plumbers in Oklahoma City, OK",334,39
332,"http://www.angi.com/articles/what-are-ventless-portable-air-conditioners.htm","How Do Ventless Portable Air Conditioners Work?",334,126
333,"http://www.angi.com/articles/gate-latch-types.htm","The 6 Gate Latch Types and How to Choose the Right One",333,1
334,"http://www.angi.com/articles/lawn-care-cost.htm","Lawn Care Cost [2026 Data]",332,129
335,"http://www.angi.com/nearme/affordable-plumbers/","Hire the Best Local Affordable plumbers Near Me with ...",332,82
336,"http://www.angi.com/articles/dryer-vent-cost.htm","How Much Does It Cost to Install or Replace a Dryer Vent? ...",331,139
337,"http://www.angi.com/nearme/wallpaper-removal/","Hire the Best Local Wallpaper removers Near Me with ...",330,17
338,"http://www.angi.com/companylist/us/az/phoenix/pest-control.htm","Top 10 Best Pest control specialists in Phoenix, AZ",329,12
339,"http://www.angi.com/nearme/carpentry/","Hire the Best Local Carpenters Near Me with Reviews",326,353
340,"http://www.angi.com/articles/whats-best-bait-groundhogs-and-moles.htm","What Do Groundhogs Eat? The Best Bait for Groundhogs",324,12
341,"http://www.angi.com/articles/how-much-does-carpet-removal-cost.htm","How Much Does Carpet Removal Cost? [2026 Data]",323,19
342,"http://www.angi.com/nearme/drainage-companies/","Hire the Best Local Drainage pros Near Me with Reviews",323,19
343,"http://www.angi.com/articles/paver-driveway-cost.htm","How Much Does a Paver Driveway Cost? [2026 Data]",323,16
344,"http://www.angi.com/articles/or-auto-better-thermostat-setting.htm","Should I Set My AC Fan to On, Auto, or Circulate?",321,81
345,"http://www.angi.com/nearme/install-furnace/","Hire the Best Local Furnace installation pros Near Me with ...",318,72
346,"http://www.angi.com/nearme/carpet-layers/","Hire the Best Local Carpet laying pros Near Me with Reviews",318,10
347,"http://www.angi.com/articles/garage-conversions-add-valuable-living-space.htm","How Much Does a Garage Conversion Cost? [2026 Data]",317,129
348,"http://www.angi.com/articles/how-much-does-oven-repair-cost.htm","How Much Does Oven Repair Cost? [2026 Data]",317,202
349,"http://www.angi.com/nearme/install-stair-railings/","Hire the Best Local Stair railing installation pros Near Me ...",316,20
350,"http://www.angi.com/landing/angies-list","Angie's List is now Angi",316,485
351,"http://www.angi.com/articles/cost-fix-door.htm","How Much Does Door Repair Cost? [2026 Data]",315,38
352,"http://www.angi.com/articles/how-much-does-it-cost-install-electric-fence.htm","How Much Does an Electric Fence Cost to Install? [2026 ...",314,11
353,"http://www.angi.com/articles/cost-to-rent-trailer.htm","How Much Does It Cost to Rent a Trailer? [2026 Data]",314,0
354,"http://www.angi.com/nearme/commercial-roofing/","Hire the Best Local Commercial roofers Near Me with ...",314,8
355,"http://www.angi.com/articles/how-much-does-it-cost-install-appliance.htm","How Much Does Cooktop Installation Cost? [2026 Data]",311,55
356,"http://www.angi.com/companylist/us/fl/jupiter/plumbing.htm","Top 10 Best Plumbers in Jupiter, FL",310,119
357,"http://www.angi.com/articles/how-much-does-it-cost-install-sprinkler-system.htm","How Much Does Sprinkler System Installation Cost? [2026 ...",310,111
358,"http://www.angi.com/articles/how-much-does-it-cost-replace-ac-capacitor.htm","How Much Does an AC Capacitor Replacement Cost ...",308,133
359,"http://www.angi.com/articles/common-gas-furnace-prices.htm","How Much Does a Gas Furnace Cost? [2026 Data]",308,180
360,"http://www.angi.com/articles/vinyl-siding-dimensions.htm","Vinyl Siding Dimensions and Sizes",307,1
361,"http://www.angi.com/articles/how-much-does-sewer-line-replacement-or-repair-cost.htm","How Much Does Sewer Line Replacement Cost? [2026 Data]",306,182
362,"http://www.angi.com/articles/fridge-is-leaking-brown-liquid.htm","7 Reasons Why Your Fridge Is Leaking Brown Liquid",301,0
363,"http://www.angi.com/nearme/emergency-roofing/","Hire the Best Local Emergency roofers Near Me with ...",300,25
364,"http://www.angi.com/articles/how-much-invisible-fence-cost.htm","How Much Does an Invisible Fence Cost to Install?",297,63
365,"http://www.angi.com/articles/trench-vs-ditch.htm","What's the Difference Between a Trench vs. a Ditch?",297,1
366,"http://www.angi.com/articles/how-much-does-kitchen-island-cost.htm","How Much Does a Kitchen Island Cost? [2026 Data]",297,144
367,"http://www.angi.com/articles/shower-pan-replacement-cost.htm","How Much Does Shower Pan Replacement Cost? [2026 ...",296,24
368,"http://www.angi.com/articles/garage-door-cable-repair-cost.htm","How Much Does Garage Door Cable Repair Cost? [2026 ...",296,8
369,"http://www.angi.com/articles/how-much-fire-hydrant-cost.htm","How Much Does a Private Fire Hydrant Cost? [2026 Data]",294,6
370,"http://www.angi.com/nearme/basement-leak-repair/","Basement leak repair pros near you",294,116
371,"http://www.angi.com/articles/it-worth-cost-reupholster-old-furniture.htm","How Much Does Furniture Reupholstery Cost? [2026 Data]",294,309
372,"http://www.angi.com/articles/land-appraisal-cost.htm","How Much Does a Land Appraisal Cost? [2026 Data]",294,2
373,"http://www.angi.com/landing/angis-house-calls","Win a free home project with Angi's House Calls",293,0
374,"http://www.angi.com/companylist/us/oh/columbus/locksmiths.htm","Top 10 Best Locksmiths in Columbus, OH",292,13
375,"http://www.angi.com/articles/blower-vs-fan.htm","Here's the Difference Between Blowers and Fans",292,2
376,"http://www.angi.com/articles/how-much-does-it-cost-paint-room.htm","How Much Does It Cost to Paint a Room? [2026 Data]",291,156
377,"http://www.angi.com/articles/how-much-does-it-cost-repair-fence.htm","How Much Does Fence Repair Cost? [2026 Data]",289,37
378,"http://www.angi.com/articles/how-much-does-bathroom-remodel-cost.htm","How Much Does a Bathroom Remodel Cost? [2026 Data]",289,1341
379,"http://www.angi.com/nearme/septic-tank/","Hire the Best Local Septic tank pros Near Me with Reviews",288,687
380,"http://www.angi.com/articles/how-much-does-hot-tub-cost.htm","How Much Does a Hot Tub Cost? [2026 Data]",288,49
381,"http://www.angi.com/articles/floating-slab-foundation.htm","Floating Slab Foundation: What It Is, Pros, and Cons",287,2
382,"http://www.angi.com/nearme/furniture-refinishing/","Hire the Best Local Furniture refinishers Near Me with ...",285,404
383,"http://www.angi.com/articles/septic-inspection-cost.htm","How Much Does a Septic Inspection Cost? [2026 Data]",284,131
384,"http://www.angi.com/articles/converting-tub-to-shower-roi.htm","Is It Worth It to Convert a Tub to Shower in Your Bathroom?",284,4
385,"http://www.angi.com/nearme/samsung-appliance-repair/","Samsung appliance repair pros near you",282,257
386,"http://www.angi.com/articles/how-much-cost-move-out-cleaning.htm","How Much Does a Move-Out Clean Cost? [2026 Data]",279,129
387,"http://www.angi.com/nearme/above-ground-pool-repair/","Above ground pool repair pros near you",277,8
388,"http://www.angi.com/articles/how-much-does-it-cost-install-rubber-roofing.htm","How Much Does Rubber Roof Installation Cost? [2026 Data]",272,12
389,"http://www.angi.com/nearme/mosquito-services/","Hire the Best Local Mosquito control pros Near Me with ...",271,7
390,"http://www.angi.com/articles/how-tell-positive-negative-wire.htm","How to Tell Negative and Positive Wires Apart",269,124
391,"http://www.angi.com/nearme/porch-companies/","Hire the Best Local Porch contractors Near Me with Reviews",268,43
392,"http://www.angi.com/nearme/sewer-cleaning/","Hire the Best Local Sewer cleaners Near Me with Reviews",268,10
393,"http://www.angi.com/nearme/geothermal/","Hire the Best Local Geothermal pros Near Me with Reviews",265,48
394,"http://www.angi.com/nearme/asbestos-testing/","Hire the Best Local Asbestos inspectors Near Me with ...",265,20
395,"http://www.angi.com/nearme/ice-machine-repair/","Hire the Best Local Ice machine repair pros Near Me with ...",265,32
396,"http://www.angi.com/articles/how-much-does-it-cost-add-bathroom.htm","How Much Does It Cost to Add a Bathroom? [2026 Data]",265,176
397,"http://www.angi.com/nearme/siding-contractors/","Hire the Best Local Siding contractors Near Me with Reviews",263,290
398,"http://www.angi.com/articles/how-much-does-installing-new-ac-cost.htm","How Much Does AC Replacement Cost? [2026 Data]",263,3090
399,"http://www.angi.com/nearme/tree-trimming/","Hire the Best Local Tree trimming pros Near Me with Reviews",263,314
400,"http://www.angi.com/nearme/basement-waterproofing/","Basement waterproofing pros near you",262,766
401,"http://www.angi.com/articles/are-federal-pacific-circuit-breaker-panels-safe.htm","Federal Pacific Breakers: What You Need to Know",262,579
402,"http://www.angi.com/articles/how-much-does-it-cost-install-concrete-steps.htm","How Much Do Concrete Steps Cost? [2026 Data]",261,39
403,"http://www.angi.com/nearme/plumbing-handymen/","Hire the Best Local Plumbing handymen Near Me with ...",260,39
404,"http://www.angi.com/articles/cost-dumpster-rental/ny/new-york","How Much Does Dumpster Rental Cost in New York, NY?",259,1
405,"http://www.angi.com/articles/what-temperature-pipes-freeze.htm","At What Temperature Do Pipes Freeze?",259,130
406,"http://www.angi.com/nearme/concrete-foundation-companies/","Hire the Best Local Concrete foundation pros Near Me with ...",259,27
407,"http://www.angi.com/articles/attic-ladder-installation-cost.htm","How Much Does Attic Ladder Installation Cost? [2026 Data]",259,0
408,"http://www.angi.com/articles/how-much-pressure-wash-and-reapply-sand-paver-patio.htm","How Much Does Paver Cleaning And Sealing Cost in 2026?",259,91
409,"http://www.angi.com/companylist/us/tn/oak-ridge/plumbing.htm","Top 10 Best Plumbers in Oak Ridge, TN",258,94
410,"http://www.angi.com/nearme/chimney-repair/","Hire the Best Local Chimney repair specialists Near Me ...",258,111
411,"http://www.angi.com/articles/how-much-would-it-cost-remove-large-jacuzzi-tub.htm","How Much Does Hot Tub Removal Cost? [2026 Data]",257,49
412,"http://www.angi.com/companylist/us/nv/las-vegas/plumbing.htm","Top 10 Best Plumbers in Las Vegas, NV",254,37
413,"http://www.angi.com/articles/single-car-garage-size.htm","One Car Garage Sizes: A Guide to Standard Dimensions",254,6
414,"http://www.angi.com/companylist/us/mo/blue-springs/plumbing.htm","Top 10 Best Plumbers in Blue Springs, MO",253,121
415,"http://www.angi.com/companylist/us/pa/philadelphia/plumbing.htm","Top 10 Best Plumbers in Philadelphia, PA",252,9
416,"http://www.angi.com/articles/cost-to-install-indoor-pool.htm","How Much Does an Indoor Pool Cost to Install? [2026 Data]",250,104
417,"http://www.angi.com/articles/what-does-roof-cleaning-cost.htm","How Much Does Roof Cleaning Cost? [2026 Data]",250,101
418,"http://www.angi.com/articles/what-cost-install-drywall.htm","How Much Does Drywall Installation Cost? [2026 Data]",250,186
419,"http://www.angi.com/articles/how-much-does-it-cost-build-garage.htm","How Much Does It Cost to Build a Garage? [2026 Data]",249,107
420,"http://www.angi.com/articles/cost-to-install-vinyl-gutters.htm","How Much Does Vinyl Gutter Installation Cost? [2026 Data]",248,5
421,"http://www.angi.com/companylist/us/ut/logan/plumbing.htm","Top 10 Best Plumbers in Logan, UT",247,105
422,"http://www.angi.com/articles/how-much-does-installing-sewer-line-cost.htm","How Much Does Sewer Line Installation Cost? [2026 Data]",247,35
423,"http://www.angi.com/articles/what-fair-price-r-22-refrigerant.htm","How Much Does R-22 Refrigerant Cost per Pound? [2026 ...",246,1633
424,"http://www.angi.com/nearme/replace-window-glass/","Window glass replacement pros near you",245,43
425,"http://www.angi.com/articles/how-much-does-shower-remodel-cost.htm","How Much Does a Shower Remodel Cost? [2026 Data]",244,115
426,"http://www.angi.com/articles/what-cost-r410a-freon-pound.htm","How Much Does R-410A Refrigerant Cost per Pound? ...",243,136
427,"http://www.angi.com/articles/how-to-test-christmas-lights.htm","How to Test Christmas Lights: 6 Methods to Try",242,5
428,"http://www.angi.com/nearme/install-ceramic-tile/","Hire the Best Local Ceramic tile installation pros Near Me ...",241,39
429,"http://www.angi.com/companylist/us/nm/carlsbad/plumbing.htm","Top 10 Best Plumbers in Carlsbad, NM",241,105
430,"http://www.angi.com/articles/average-bedroom-size.htm","Average Bedroom Size: Guide to Standard Dimensions",240,2
431,"http://www.angi.com/nearme/deck-repair/","Hire the Best Local Deck repair pros Near Me with Reviews",238,53
432,"http://www.angi.com/nearme/drywall-installers/","Hire the Best Local Drywall installation pros Near Me with ...",237,202
433,"http://www.angi.com/nearme/deck-staining/","Hire the Best Local Deck staining pros Near Me with Reviews",236,38
434,"http://www.angi.com/companylist/us/fl/lakeland/electrical.htm","Top 10 Best Electricians in Lakeland, FL",236,136
435,"http://www.angi.com/articles/how-much-does-fire-damage-restoration-cost.htm","How Much Does Fire Damage Restoration Cost? [2026 Data]",236,223
436,"http://www.angi.com/companylist/us/mn/minneapolis/plumbing.htm","Top 10 Best Plumbers in Minneapolis, MN",236,3
437,"http://www.angi.com/articles/how-handle-shower-repairs.htm","7 Common Broken Shower Causes and How to Fix Them",236,20
438,"http://www.angi.com/articles/how-much-should-i-pay-tear-down-one-car-garage.htm","2026 Garage Demolition Cost: A Complete Price Guide",235,18
439,"http://www.angi.com/articles/shower-plumbing-diagram.htm","Shower Plumbing Diagram: How Your Shower Works",235,3
440,"http://www.angi.com/articles/wood-burning-stove-installation-cost.htm","How Much Does a Wood-Burning Stove Installation Cost? ...",233,6
441,"http://www.angi.com/articles/driveway-repair-should-you-patch-resurface-or-replace.htm","Driveway Repair: When to Patch, Resurface, or Replace",231,263
442,"http://www.angi.com/nearme/cabinet-makers/","Hire the Best Local Cabinet makers Near Me with Reviews",231,119
443,"http://www.angi.com/companylist/us/mo/kansas-city/plumbing.htm","Top 10 Best Plumbers in Kansas City, MO",231,25
444,"http://www.angi.com/articles/window-ac-unit-cost.htm","How Much Does Window AC Unit Installation Cost? [2026 ...",230,21
445,"http://www.angi.com/articles/diy-flea-traps.htm","How to Make a DIY Flea Trap in 3 Ways With Household ...",230,21
446,"http://www.angi.com/articles/builder-vs-general-contractor.htm","Builder Vs General Contractor: Which Is Best For Your ...",229,2
447,"http://www.angi.com/articles/ac-freon-leak-repair-cost.htm","How Much Does AC Freon Leak Repair Cost? [2026 Data]",228,9
448,"http://www.angi.com/articles/how-much-should-it-cost-install-gas-stove-home-already-has-gas.htm","How Much Does It Cost to Install a Gas Cooktop? [2026 Data]",228,39
449,"http://www.angi.com/articles/how-much-does-it-cost-install-bathroom-fan.htm","How Much Does It Cost to Install a Bathroom Fan? (2026 ...",227,56
450,"http://www.angi.com/articles/brick-mailbox-cost.htm","How Much Does it Cost to Install a Brick Mailbox? [2026 ...",227,0
451,"http://www.angi.com/articles/how-much-does-refrigerator-repair-cost.htm","How Much Does Refrigerator Repair Cost? [2026 Data]",226,252
452,"http://www.angi.com/articles/small-living-room-ideas.htm","19 Small Living Room Ideas to Maximize Your Space",225,8
453,"http://www.angi.com/articles/how-much-does-toilet-installation-cost.htm","How Much Does Toilet Installation Cost? [2026 Data]",225,126
454,"http://www.angi.com/articles/how-much-cost-removing-lead-paint.htm","How Much Does Lead Paint Removal Cost? [2026 Data]",225,22
455,"http://www.angi.com/articles/what-kind-weather-stripping-do-you-need.htm","14 Types of Door Weather Stripping",225,20
456,"http://www.angi.com/nearme/repair-home-audio/","Hire the Best Local Home audio repair pros Near Me with ...",225,12
457,"http://www.angi.com/nearme/gas-fireplace-repair/","Hire the Best Local Gas fireplace repair pros Near Me with ...",224,241
458,"http://www.angi.com/articles/what-cost-replace-water-shut-valve-supplies-water-refrigerator.htm","Cost to Replace a Main Water Shut-Off Valve (2026 Guide)",222,152
459,"http://www.angi.com/articles/how-much-does-fence-installation-cost.htm","How Much Does Fence Installation Cost? [2026 Data]",221,329
460,"http://www.angi.com/articles/how-much-does-bat-removal-cost.htm","How Much Does Bat Removal Cost? [2026 Data]",221,24
461,"http://www.angi.com/articles/how-much-will-it-cost-get-survey-fence-line.htm","How to Find Property Lines for a Fence: 7 Easy Ways",221,13
462,"http://www.angi.com/nearme/tv-mount-install/","Hire the Best Local Tv mount installation pros Near Me with ...",220,72
463,"http://www.angi.com/articles/how-much-does-it-cost-install-chimney-liner.htm","How Much Does a Chimney Liner Cost? [2026 Data]",220,18
464,"http://www.angi.com/articles/cost-to-repair-leaking-pipe.htm","How Much Do Pipe Leak Repairs Cost? [2026 Data]",219,110
465,"http://www.angi.com/nearme/sprinkler-repair/","Hire the Best Local Sprinkler repair pros Near Me with ...",219,197
466,"http://www.angi.com/nearme/recliner-repair/","Hire the Best Local Recliner repair pros Near Me with ...",219,21
467,"http://www.angi.com/articles/dimensions-for-built-in-bench-seating.htm","Dimensions for Built-In Bench Seating in Kitchens",218,4
468,"http://www.angi.com/articles/flea-vs-gnat.htm","Flea vs. Gnat: What's the Difference?",218,2
469,"http://www.angi.com/nearme/garage-builders/","Hire the Best Local Garage pros Near Me with Reviews",218,670
470,"http://www.angi.com/articles/what-are-some-alternatives-mulch.htm","11 Mulch Alternatives to Consider for Your Landscaping",217,26
471,"http://www.angi.com/nearme/landscape-designers/","Hire the Best Local Landscape designers Near Me with ...",216,91
472,"http://www.angi.com/nearme/garage-door-repair/","Hire the Best Local Garage door repair pros Near Me with ...",216,239
473,"http://www.angi.com/nearme/fireplace-repair/","Hire the Best Local Fireplace repair pros Near Me with ...",216,160
474,"http://www.angi.com/articles/how-much-do-granite-countertops-cost.htm","What Is the Average Cost of Granite Countertops?",215,108
475,"http://www.angi.com/articles/hvac-inspection-cost.htm","How Much Does an HVAC Inspection Cost? [2026 Data]",215,13
476,"http://www.angi.com/nearme/heat-pump-installers/","Hire the Best Local Heat pump installation pros Near Me ...",214,33
477,"http://www.angi.com/articles/whole-house-water-filtration-system-cost.htm","How Much Does a Water Treatment System Cost? [2026 ...",214,25
478,"http://www.angi.com/articles/cost-to-install-240v-outlet.htm","How Much Does It Cost to Install a 240V Outlet? [2026 Data]",213,5
479,"http://www.angi.com/companylist/us/nj/north-brunswick/sunlight-contracting-reviews-3925689.htm","Sunlight Contracting Reviews - North Brunswick, NJ",212,98
480,"http://www.angi.com/articles/how-much-should-it-cost-replace-flashing-around-chimney.htm","How Much Does Chimney Flashing Repair Cost?",212,35
481,"http://www.angi.com/articles/cost-to-pressure-wash-driveway.htm","How Much Does It Cost to Pressure Wash a Driveway? ...",211,41
482,"http://www.angi.com/companylist/us/az/phoenix/plumbing.htm","Top 10 Best Plumbers in Phoenix, AZ",211,11
483,"http://www.angi.com/articles/how-much-does-leaf-removal-cost.htm","How Much Does Leaf Removal Cost? [2026 Data]",211,39
484,"http://www.angi.com/articles/how-much-does-it-cost-install-new-furnace.htm","How Much Does a New Furnace Cost? [2026 Data]",211,365
485,"http://www.angi.com/articles/estate-cleanout-services-cost.htm","How Much Do Estate Cleanout Services Cost? [2026 Data]",210,21
486,"http://www.angi.com/companylist/us/az/yuma/plumbing.htm","Top 10 Best Plumbers in Yuma, AZ",210,111
487,"http://www.angi.com/articles/how-much-does-it-cost-install-solar-panels.htm","How Much Does It Cost to Install a Solar Panel? [2026 Data]",209,341
488,"http://www.angi.com/nearme/percolation-tests/","Hire the Best Local Percolation testing pros Near Me with ...",209,6
489,"http://www.angi.com/articles/radiator-replacement-cost.htm","How Much Does a Radiator Replacement Cost? [2026]",208,16
490,"http://www.angi.com/articles/how-to-learn-how-kill-mold-naturally.htm","5 Natural Mold Killers and How They Work",208,71
491,"http://www.angi.com/articles/are-you-supposed-tip-carpet-cleaners.htm","How Much Do You Tip Carpet Cleaners?",207,76
492,"http://www.angi.com/nearme/repair-gas-appliances/","Gas appliance repair pros near you",207,14
493,"http://www.angi.com/articles/cisterns-deep-trouble-or-untapped-resource.htm","What Is a Cistern? Here's How They Work",207,22
494,"http://www.angi.com/roofing-siding","Roofing & Siding",207,36
495,"http://www.angi.com/articles/how-much-does-artificial-turf-cost.htm","How Much Does Artificial Grass Cost to Install? [2026 Data]",207,75
496,"http://www.angi.com/articles/circuit-breaker-vs-fuse-box.htm","Circuit Breaker vs. Fuse Box: What's the Difference?",206,75
497,"http://www.angi.com/nearme/junk-removal/","Hire the Best Local Junk removal pros Near Me with Reviews",206,188
498,"http://www.angi.com/companylist/us/fl/miami/plumbing.htm","Top 10 Best Plumbers in Miami, FL",206,8
499,"http://www.angi.com/articles/how-many-bundles-shingle-repair-1200-square-foot-home-architectural-shingles.htm","How Many Shingles Are in a Bundle?",205,178
500,"http://www.angi.com/companylist/us/ny/brooklyn/plumbing.htm","Top 10 Best Plumbers in Brooklyn, NY",204,168
